id,Тип переклассификации,Тип обращения итоговый
14803,0,Запрос
14804,0,Запрос
14805,0,Запрос
14806,0,Запрос
14807,0,Запрос
14808,0,Запрос
14809,0,Запрос
14810,0,Запрос
14811,0,Запрос
14812,0,Запрос
14813,0,Запрос
14814,0,Запрос
14815,0,Запрос
14816,0,Запрос
14817,0,Запрос
14818,0,Запрос
14819,0,Запрос
14820,0,Запрос
14821,0,Запрос
14822,0,Запрос
14823,0,Запрос
14824,0,Запрос
14825,0,Запрос
14826,0,Запрос
14827,0,Запрос
14828,0,Запрос
14829,0,Запрос
14830,0,Запрос
14831,0,Запрос
14832,0,Запрос
14833,0,Запрос
14834,0,Запрос
14835,0,Запрос
14836,0,Запрос
14837,0,Запрос
14838,0,Запрос
14839,0,Запрос
14840,0,Запрос
14841,0,Запрос
14842,0,Запрос
14843,0,Запрос
14844,0,Инцидент
14845,0,Запрос
14846,0,Запрос
14847,0,Запрос
14848,0,Запрос
14849,0,Запрос
14850,0,Запрос
14851,0,Запрос
14852,2,Запрос
14853,0,Запрос
14854,0,Инцидент
14855,0,Запрос
14856,0,Запрос
14857,0,Запрос
14858,2,Запрос
14859,0,Запрос
14860,0,Запрос
14861,0,Запрос
14862,0,Запрос
14863,0,Запрос
14864,0,Запрос
14865,0,Запрос
14866,0,Запрос
14867,0,Запрос
14868,0,Запрос
14869,0,Запрос
14870,0,Запрос
14871,0,Запрос
14872,0,Запрос
14873,0,Запрос
14874,0,Запрос
14875,0,Запрос
14876,0,Запрос
14877,0,Запрос
14878,0,Запрос
14879,0,Запрос
14880,0,Запрос
14881,0,Запрос
14882,0,Запрос
14883,0,Запрос
14884,0,Запрос
14885,0,Инцидент
14886,0,Запрос
14887,0,Запрос
14888,0,Запрос
14889,0,Запрос
14890,0,Запрос
14891,0,Запрос
14892,0,Запрос
14893,0,Запрос
14894,0,Запрос
14895,0,Запрос
14896,0,Запрос
14897,0,Запрос
14898,0,Запрос
14899,0,Запрос
14900,0,Запрос
14901,0,Запрос
14902,0,Запрос
14903,0,Запрос
14904,0,Запрос
14905,0,Запрос
14906,0,Запрос
14907,0,Запрос
14908,0,Запрос
14909,0,Запрос
14910,0,Запрос
14911,0,Запрос
14912,0,Запрос
14913,0,Запрос
14914,0,Запрос
14915,0,Запрос
14916,0,Запрос
14917,0,Запрос
14918,0,Запрос
14919,0,Запрос
14920,0,Запрос
14921,0,Запрос
14922,0,Запрос
14923,0,Запрос
14924,0,Запрос
14925,0,Запрос
14926,0,Запрос
14927,0,Запрос
14928,0,Запрос
14929,0,Запрос
14930,0,Запрос
14931,0,Запрос
14932,0,Запрос
14933,0,Запрос
14934,0,Запрос
14935,0,Запрос
14936,0,Запрос
14937,0,Запрос
14938,0,Запрос
14939,0,Запрос
14940,0,Запрос
14941,0,Запрос
14942,0,Запрос
14943,0,Запрос
14944,0,Запрос
14945,0,Запрос
14946,0,Запрос
14947,0,Запрос
14948,0,Запрос
14949,0,Запрос
14950,0,Запрос
14951,0,Запрос
14952,0,Запрос
14953,0,Запрос
14954,0,Запрос
14955,0,Запрос
14956,0,Запрос
14957,0,Запрос
14958,0,Запрос
14959,0,Запрос
14960,0,Запрос
14961,0,Запрос
14962,0,Запрос
14963,0,Запрос
14964,0,Запрос
14965,0,Запрос
14966,2,Запрос
14967,0,Запрос
14968,0,Запрос
14969,0,Запрос
14970,0,Запрос
14971,0,Запрос
14972,0,Запрос
14973,0,Запрос
14974,0,Запрос
14975,0,Запрос
14976,0,Запрос
14977,0,Запрос
14978,0,Запрос
14979,0,Запрос
14980,0,Запрос
14981,0,Запрос
14982,0,Запрос
14983,0,Запрос
14984,0,Запрос
14985,0,Запрос
14986,0,Запрос
14987,0,Запрос
14988,0,Инцидент
14989,0,Запрос
14990,0,Запрос
14991,0,Запрос
14992,0,Запрос
14993,0,Запрос
14994,0,Запрос
14995,0,Запрос
14996,0,Запрос
14997,0,Запрос
14998,0,Запрос
14999,0,Запрос
15000,0,Запрос
15001,0,Запрос
15002,0,Запрос
15003,0,Инцидент
15004,0,Запрос
15005,0,Запрос
15006,0,Запрос
15007,0,Запрос
15008,0,Запрос
15009,0,Инцидент
15010,0,Запрос
15011,0,Запрос
15012,0,Запрос
15013,0,Запрос
15014,0,Запрос
15015,0,Запрос
15016,0,Запрос
15017,0,Запрос
15018,0,Запрос
15019,0,Запрос
15020,0,Запрос
15021,0,Инцидент
15022,0,Инцидент
15023,0,Запрос
15024,0,Запрос
15025,0,Запрос
15026,0,Запрос
15027,0,Запрос
15028,0,Инцидент
15029,0,Инцидент
15030,0,Запрос
15031,0,Запрос
15032,0,Запрос
15033,0,Запрос
15034,0,Запрос
15035,0,Запрос
15036,0,Запрос
15037,0,Запрос
15038,0,Запрос
15039,0,Запрос
15040,0,Запрос
15041,0,Запрос
15042,0,Запрос
15043,0,Запрос
15044,0,Запрос
15045,0,Запрос
15046,0,Запрос
15047,0,Запрос
15048,0,Запрос
15049,0,Запрос
15050,0,Запрос
15051,0,Запрос
15052,0,Запрос
15053,0,Запрос
15054,0,Запрос
15055,0,Запрос
15056,0,Запрос
15057,0,Запрос
15058,0,Запрос
15059,0,Запрос
15060,0,Запрос
15061,0,Запрос
15062,0,Запрос
15063,0,Запрос
15064,0,Запрос
15065,0,Запрос
15066,0,Запрос
15067,0,Запрос
15068,0,Запрос
15069,0,Запрос
15070,0,Запрос
15071,0,Запрос
15072,0,Запрос
15073,0,Запрос
15074,0,Запрос
15075,0,Запрос
15076,0,Запрос
15077,0,Запрос
15078,0,Запрос
15079,0,Запрос
15080,0,Запрос
15081,0,Запрос
15082,0,Запрос
15083,0,Запрос
15084,0,Запрос
15085,0,Запрос
15086,0,Запрос
15087,0,Запрос
15088,0,Запрос
15089,0,Запрос
15090,0,Запрос
15091,0,Запрос
15092,0,Запрос
15093,0,Запрос
15094,0,Запрос
15095,0,Запрос
15096,0,Запрос
15097,0,Запрос
15098,0,Запрос
15099,0,Запрос
15100,0,Запрос
15101,0,Запрос
15102,0,Запрос
15103,0,Запрос
15104,0,Запрос
15105,0,Запрос
15106,0,Запрос
15107,0,Запрос
15108,0,Запрос
15109,0,Запрос
15110,0,Запрос
15111,0,Запрос
15112,0,Запрос
15113,0,Запрос
15114,0,Запрос
15115,0,Запрос
15116,0,Запрос
15117,0,Запрос
15118,0,Запрос
15119,0,Запрос
15120,0,Запрос
15121,0,Запрос
15122,0,Запрос
15123,0,Запрос
15124,0,Запрос
15125,0,Запрос
15126,0,Запрос
15127,0,Запрос
15128,0,Запрос
15129,0,Запрос
15130,0,Запрос
15131,0,Запрос
15132,0,Запрос
15133,0,Запрос
15134,0,Запрос
15135,0,Запрос
15136,0,Запрос
15137,0,Запрос
15138,0,Запрос
15139,0,Запрос
15140,0,Запрос
15141,0,Запрос
15142,0,Запрос
15143,0,Запрос
15144,0,Запрос
15145,0,Запрос
15146,0,Запрос
15147,0,Запрос
15148,0,Запрос
15149,0,Запрос
15150,0,Запрос
15151,0,Запрос
15152,0,Запрос
15153,0,Запрос
15154,0,Запрос
15155,0,Запрос
15156,0,Запрос
15157,0,Запрос
15158,0,Запрос
15159,0,Запрос
15160,0,Запрос
15161,0,Запрос
15162,0,Запрос
15163,0,Запрос
15164,0,Запрос
15165,0,Запрос
15166,0,Запрос
15167,0,Запрос
15168,0,Запрос
15169,0,Запрос
15170,0,Запрос
15171,0,Запрос
15172,0,Запрос
15173,0,Запрос
15174,0,Запрос
15175,0,Запрос
15176,0,Запрос
15177,0,Запрос
15178,0,Запрос
15179,0,Запрос
15180,0,Запрос
15181,0,Запрос
15182,0,Запрос
15183,0,Запрос
15184,0,Запрос
15185,0,Запрос
15186,0,Запрос
15187,0,Запрос
15188,0,Запрос
15189,0,Запрос
15190,0,Запрос
15191,0,Запрос
15192,0,Запрос
15193,0,Запрос
15194,0,Запрос
15195,0,Запрос
15196,0,Запрос
15197,0,Запрос
15198,0,Запрос
15199,0,Запрос
15200,0,Запрос
15201,0,Запрос
15202,0,Запрос
15203,0,Инцидент
15204,0,Запрос
15205,0,Запрос
15206,0,Запрос
15207,0,Запрос
15208,0,Запрос
15209,0,Запрос
15210,0,Запрос
15211,0,Запрос
15212,0,Запрос
15213,0,Запрос
15214,0,Запрос
15215,0,Запрос
15216,0,Запрос
15217,0,Запрос
15218,0,Запрос
15219,0,Запрос
15220,0,Запрос
15221,0,Запрос
15222,0,Запрос
15223,0,Запрос
15224,0,Запрос
15225,0,Запрос
15226,0,Запрос
15227,0,Запрос
15228,0,Запрос
15229,0,Запрос
15230,0,Запрос
15231,0,Запрос
15232,0,Запрос
15233,0,Запрос
15234,0,Запрос
15235,0,Запрос
15236,0,Запрос
15237,2,Запрос
15238,0,Запрос
15239,0,Запрос
15240,0,Запрос
15241,0,Запрос
15242,0,Запрос
15243,0,Запрос
15244,0,Запрос
15245,0,Запрос
15246,0,Запрос
15247,0,Запрос
15248,0,Запрос
15249,0,Запрос
15250,0,Запрос
15251,0,Запрос
15252,0,Запрос
15253,0,Запрос
15254,0,Запрос
15255,0,Запрос
15256,0,Запрос
15257,0,Запрос
15258,0,Запрос
15259,0,Запрос
15260,0,Запрос
15261,0,Запрос
15262,0,Запрос
15263,0,Запрос
15264,0,Запрос
15265,0,Запрос
15266,0,Запрос
15267,0,Запрос
15268,0,Запрос
15269,0,Запрос
15270,0,Запрос
15271,0,Запрос
15272,0,Запрос
15273,0,Запрос
15274,0,Запрос
15275,0,Запрос
15276,0,Запрос
15277,0,Запрос
15278,0,Запрос
15279,0,Запрос
15280,0,Запрос
15281,0,Запрос
15282,0,Запрос
15283,0,Запрос
15284,0,Запрос
15285,0,Запрос
15286,0,Запрос
15287,0,Запрос
15288,0,Запрос
15289,0,Запрос
15290,0,Запрос
15291,0,Запрос
15292,0,Запрос
15293,0,Запрос
15294,0,Запрос
15295,0,Запрос
15296,0,Запрос
15297,0,Запрос
15298,0,Запрос
15299,0,Запрос
15300,0,Запрос
15301,0,Запрос
15302,0,Запрос
15303,0,Запрос
15304,0,Запрос
15305,0,Запрос
15306,0,Запрос
15307,0,Запрос
15308,0,Запрос
15309,0,Запрос
15310,0,Запрос
15311,0,Запрос
15312,0,Запрос
15313,0,Запрос
15314,0,Запрос
15315,0,Запрос
15316,0,Запрос
15317,0,Запрос
15318,0,Запрос
15319,0,Запрос
15320,0,Запрос
15321,0,Запрос
15322,0,Запрос
15323,0,Запрос
15324,0,Запрос
15325,0,Запрос
15326,0,Запрос
15327,0,Запрос
15328,0,Запрос
15329,0,Запрос
15330,0,Запрос
15331,0,Запрос
15332,0,Запрос
15333,0,Запрос
15334,0,Запрос
15335,0,Запрос
15336,0,Инцидент
15337,0,Запрос
15338,0,Запрос
15339,0,Запрос
15340,0,Запрос
15341,0,Запрос
15342,0,Запрос
15343,0,Запрос
15344,0,Запрос
15345,0,Запрос
15346,0,Запрос
15347,0,Запрос
15348,0,Запрос
15349,0,Запрос
15350,0,Запрос
15351,0,Запрос
15352,0,Запрос
15353,0,Запрос
15354,0,Запрос
15355,0,Запрос
15356,0,Запрос
15357,0,Запрос
15358,0,Запрос
15359,0,Запрос
15360,0,Запрос
15361,0,Запрос
15362,0,Запрос
15363,0,Запрос
15364,0,Запрос
15365,0,Запрос
15366,0,Запрос
15367,0,Запрос
15368,0,Запрос
15369,0,Запрос
15370,0,Запрос
15371,0,Запрос
15372,0,Запрос
15373,0,Запрос
15374,0,Запрос
15375,0,Запрос
15376,0,Запрос
15377,0,Запрос
15378,0,Запрос
15379,0,Запрос
15380,0,Запрос
15381,0,Запрос
15382,0,Запрос
15383,0,Запрос
15384,0,Запрос
15385,0,Запрос
15386,0,Запрос
15387,0,Запрос
15388,0,Запрос
15389,0,Запрос
15390,0,Запрос
15391,0,Запрос
15392,0,Запрос
15393,0,Запрос
15394,0,Запрос
15395,0,Инцидент
15396,0,Запрос
15397,0,Запрос
15398,0,Запрос
15399,0,Запрос
15400,0,Запрос
15401,0,Запрос
15402,0,Запрос
15403,0,Запрос
15404,0,Запрос
15405,0,Запрос
15406,0,Запрос
15407,0,Запрос
15408,0,Запрос
15409,0,Запрос
15410,0,Запрос
15411,0,Запрос
15412,0,Запрос
15413,0,Запрос
15414,0,Запрос
15415,0,Запрос
15416,0,Запрос
15417,0,Запрос
15418,0,Запрос
15419,0,Запрос
15420,0,Запрос
15421,0,Запрос
15422,0,Запрос
15423,0,Запрос
15424,0,Запрос
15425,0,Запрос
15426,0,Запрос
15427,0,Запрос
15428,0,Запрос
15429,0,Запрос
15430,0,Запрос
15431,0,Запрос
15432,0,Запрос
15433,0,Запрос
15434,0,Запрос
15435,0,Запрос
15436,0,Запрос
15437,0,Запрос
15438,0,Запрос
15439,0,Запрос
15440,0,Запрос
15441,0,Запрос
15442,0,Запрос
15443,0,Запрос
15444,0,Запрос
15445,0,Запрос
15446,0,Запрос
15447,0,Запрос
15448,0,Запрос
15449,0,Запрос
15450,0,Запрос
15451,0,Запрос
15452,0,Запрос
15453,0,Запрос
15454,0,Запрос
15455,0,Запрос
15456,0,Запрос
15457,0,Запрос
15458,0,Запрос
15459,0,Запрос
15460,0,Запрос
15461,0,Запрос
15462,0,Запрос
15463,0,Запрос
15464,0,Запрос
15465,0,Запрос
15466,0,Запрос
15467,0,Запрос
15468,0,Запрос
15469,0,Запрос
15470,0,Запрос
15471,0,Запрос
15472,0,Запрос
15473,0,Запрос
15474,0,Запрос
15475,0,Запрос
15476,0,Запрос
15477,0,Запрос
15478,0,Запрос
15479,0,Запрос
15480,0,Запрос
15481,0,Запрос
15482,0,Запрос
15483,0,Запрос
15484,0,Запрос
15485,0,Запрос
15486,0,Запрос
15487,0,Запрос
15488,0,Запрос
15489,0,Запрос
15490,0,Запрос
15491,0,Запрос
15492,0,Запрос
15493,0,Запрос
15494,0,Запрос
15495,0,Запрос
15496,0,Запрос
15497,0,Запрос
15498,0,Запрос
15499,0,Запрос
15500,0,Запрос
15501,0,Запрос
15502,0,Запрос
15503,0,Запрос
15504,0,Запрос
15505,0,Запрос
15506,0,Запрос
15507,0,Запрос
15508,0,Запрос
15509,0,Запрос
15510,0,Запрос
15511,0,Запрос
15512,0,Запрос
15513,0,Запрос
15514,0,Запрос
15515,0,Запрос
15516,0,Запрос
15517,0,Запрос
15518,0,Запрос
15519,0,Запрос
15520,0,Запрос
15521,0,Запрос
15522,0,Запрос
15523,0,Запрос
15524,0,Запрос
15525,0,Запрос
15526,0,Запрос
15527,0,Запрос
15528,0,Запрос
15529,0,Запрос
15530,0,Запрос
15531,2,Запрос
15532,0,Запрос
15533,0,Запрос
15534,0,Запрос
15535,0,Запрос
15536,0,Запрос
15537,2,Инцидент
15538,0,Запрос
15539,0,Запрос
15540,0,Запрос
15541,0,Запрос
15542,0,Запрос
15543,0,Запрос
15544,0,Запрос
15545,0,Запрос
15546,0,Запрос
15547,0,Запрос
15548,0,Запрос
15549,0,Запрос
15550,0,Запрос
15551,0,Запрос
15552,0,Запрос
15553,0,Запрос
15554,0,Запрос
15555,0,Запрос
15556,0,Запрос
15557,0,Запрос
15558,0,Запрос
15559,0,Запрос
15560,0,Запрос
15561,0,Запрос
15562,0,Запрос
15563,0,Запрос
15564,0,Запрос
15565,0,Запрос
15566,0,Запрос
15567,0,Запрос
15568,0,Запрос
15569,0,Запрос
15570,0,Запрос
15571,0,Запрос
15572,0,Запрос
15573,0,Запрос
15574,0,Запрос
15575,0,Запрос
15576,0,Запрос
15577,0,Запрос
15578,0,Запрос
15579,0,Запрос
15580,0,Запрос
15581,0,Запрос
15582,0,Запрос
15583,0,Запрос
15584,0,Запрос
15585,0,Запрос
15586,0,Запрос
15587,0,Запрос
15588,0,Запрос
15589,0,Запрос
15590,0,Запрос
15591,0,Запрос
15592,0,Запрос
15593,0,Запрос
15594,0,Запрос
15595,0,Запрос
15596,0,Запрос
15597,0,Запрос
15598,0,Запрос
15599,0,Запрос
15600,0,Запрос
15601,0,Запрос
15602,0,Запрос
15603,0,Запрос
15604,0,Запрос
15605,0,Запрос
15606,0,Запрос
15607,0,Запрос
15608,0,Запрос
15609,0,Запрос
15610,0,Запрос
15611,0,Запрос
15612,0,Запрос
15613,0,Запрос
15614,0,Запрос
15615,0,Запрос
15616,0,Запрос
15617,0,Запрос
15618,0,Запрос
15619,0,Запрос
15620,0,Запрос
15621,0,Запрос
15622,0,Запрос
15623,0,Запрос
15624,0,Запрос
15625,0,Запрос
15626,0,Запрос
15627,0,Запрос
15628,0,Запрос
15629,0,Запрос
15630,0,Запрос
15631,0,Запрос
15632,0,Запрос
15633,0,Запрос
15634,0,Запрос
15635,0,Запрос
15636,0,Запрос
15637,0,Запрос
15638,0,Запрос
15639,0,Запрос
15640,0,Запрос
15641,0,Запрос
15642,0,Запрос
15643,0,Запрос
15644,0,Запрос
15645,0,Запрос
15646,0,Запрос
15647,0,Запрос
15648,0,Запрос
15649,0,Инцидент
15650,0,Запрос
15651,0,Запрос
15652,0,Запрос
15653,0,Запрос
15654,0,Запрос
15655,0,Запрос
15656,0,Запрос
15657,0,Запрос
15658,0,Запрос
15659,0,Запрос
15660,0,Запрос
15661,0,Запрос
15662,0,Запрос
15663,0,Запрос
15664,0,Запрос
15665,0,Запрос
15666,0,Запрос
15667,0,Запрос
15668,0,Инцидент
15669,0,Запрос
15670,0,Запрос
15671,0,Запрос
15672,0,Запрос
15673,0,Запрос
15674,0,Запрос
15675,0,Запрос
15676,0,Запрос
15677,0,Запрос
15678,0,Запрос
15679,0,Запрос
15680,0,Запрос
15681,0,Запрос
15682,0,Запрос
15683,0,Запрос
15684,0,Запрос
15685,0,Запрос
15686,0,Запрос
15687,0,Запрос
15688,0,Запрос
15689,0,Запрос
15690,0,Запрос
15691,0,Запрос
15692,0,Запрос
15693,0,Запрос
15694,0,Запрос
15695,0,Запрос
15696,0,Запрос
15697,0,Запрос
15698,0,Запрос
15699,0,Запрос
15700,0,Запрос
15701,0,Запрос
15702,0,Запрос
15703,0,Запрос
15704,0,Запрос
15705,0,Запрос
15706,0,Запрос
15707,0,Запрос
15708,2,Запрос
15709,0,Запрос
15710,0,Запрос
15711,0,Запрос
15712,0,Запрос
15713,0,Запрос
15714,0,Запрос
15715,0,Запрос
15716,2,Запрос
15717,0,Запрос
15718,0,Запрос
15719,0,Запрос
15720,0,Запрос
15721,0,Запрос
15722,0,Запрос
15723,0,Запрос
15724,0,Запрос
15725,0,Запрос
15726,0,Запрос
15727,0,Запрос
15728,0,Запрос
15729,0,Запрос
15730,0,Запрос
15731,0,Запрос
15732,0,Запрос
15733,0,Запрос
15734,0,Запрос
15735,0,Запрос
15736,0,Запрос
15737,0,Запрос
15738,0,Запрос
15739,0,Запрос
15740,0,Запрос
15741,0,Запрос
15742,0,Запрос
15743,0,Запрос
15744,0,Запрос
15745,0,Запрос
15746,0,Запрос
15747,0,Запрос
15748,0,Запрос
15749,0,Запрос
15750,0,Запрос
15751,0,Запрос
15752,0,Запрос
15753,0,Запрос
15754,0,Запрос
15755,0,Запрос
15756,0,Запрос
15757,0,Запрос
15758,0,Запрос
15759,0,Запрос
15760,0,Запрос
15761,0,Запрос
15762,0,Запрос
15763,0,Запрос
15764,0,Запрос
15765,0,Запрос
15766,0,Запрос
15767,0,Запрос
15768,0,Запрос
15769,0,Запрос
15770,0,Запрос
15771,0,Запрос
15772,0,Запрос
15773,0,Запрос
15774,0,Запрос
15775,0,Запрос
15776,0,Запрос
15777,0,Запрос
15778,0,Запрос
15779,0,Запрос
15780,0,Запрос
15781,0,Запрос
15782,0,Запрос
15783,0,Запрос
15784,0,Запрос
15785,0,Запрос
15786,0,Запрос
15787,0,Запрос
15788,0,Запрос
15789,0,Запрос
15790,0,Запрос
15791,0,Запрос
15792,0,Запрос
15793,0,Запрос
15794,0,Запрос
15795,0,Запрос
15796,0,Запрос
15797,0,Запрос
15798,0,Запрос
15799,0,Запрос
15800,0,Запрос
15801,0,Запрос
15802,0,Запрос
15803,0,Запрос
15804,0,Инцидент
15805,0,Запрос
15806,0,Запрос
15807,0,Запрос
15808,0,Запрос
15809,0,Запрос
15810,0,Запрос
15811,0,Запрос
15812,0,Запрос
15813,0,Запрос
15814,0,Запрос
15815,0,Запрос
15816,0,Запрос
15817,0,Запрос
15818,0,Запрос
15819,0,Запрос
15820,0,Запрос
15821,0,Запрос
15822,0,Запрос
15823,0,Запрос
15824,0,Запрос
15825,0,Запрос
15826,0,Запрос
15827,0,Запрос
15828,0,Запрос
15829,0,Запрос
15830,0,Запрос
15831,0,Запрос
15832,0,Запрос
15833,0,Запрос
15834,0,Запрос
15835,0,Запрос
15836,0,Запрос
15837,0,Запрос
15838,0,Запрос
15839,0,Запрос
15840,0,Запрос
15841,0,Запрос
15842,0,Запрос
15843,0,Запрос
15844,0,Запрос
15845,0,Запрос
15846,0,Запрос
15847,0,Запрос
15848,0,Запрос
15849,0,Запрос
15850,0,Запрос
15851,0,Запрос
15852,0,Запрос
15853,0,Запрос
15854,0,Запрос
15855,0,Запрос
15856,0,Запрос
15857,0,Запрос
15858,0,Запрос
15859,0,Запрос
15860,0,Запрос
15861,0,Запрос
15862,0,Инцидент
15863,0,Запрос
15864,0,Запрос
15865,0,Запрос
15866,0,Запрос
15867,0,Запрос
15868,0,Запрос
15869,0,Запрос
15870,0,Запрос
15871,0,Запрос
15872,0,Запрос
15873,0,Запрос
15874,0,Запрос
15875,0,Запрос
15876,0,Запрос
15877,0,Запрос
15878,0,Запрос
15879,0,Запрос
15880,0,Запрос
15881,0,Запрос
15882,0,Запрос
15883,0,Запрос
15884,0,Запрос
15885,0,Запрос
15886,0,Запрос
15887,0,Запрос
15888,0,Запрос
15889,0,Запрос
15890,0,Запрос
15891,0,Запрос
15892,0,Запрос
15893,0,Запрос
15894,2,Запрос
15895,0,Запрос
15896,0,Запрос
15897,0,Запрос
15898,0,Запрос
15899,0,Запрос
15900,0,Запрос
15901,0,Запрос
15902,0,Запрос
15903,0,Запрос
15904,0,Запрос
15905,0,Запрос
15906,0,Запрос
15907,0,Запрос
15908,0,Запрос
15909,0,Запрос
15910,0,Запрос
15911,0,Запрос
15912,0,Запрос
15913,0,Запрос
15914,0,Запрос
15915,0,Запрос
15916,0,Запрос
15917,0,Запрос
15918,0,Запрос
15919,0,Запрос
15920,0,Запрос
15921,0,Запрос
15922,2,Запрос
15923,0,Запрос
15924,0,Запрос
15925,0,Запрос
15926,0,Запрос
15927,0,Запрос
15928,0,Запрос
15929,0,Запрос
15930,0,Запрос
15931,0,Запрос
15932,0,Запрос
15933,0,Запрос
15934,0,Запрос
15935,2,Запрос
15936,0,Запрос
15937,0,Запрос
15938,0,Запрос
15939,0,Запрос
15940,0,Запрос
15941,0,Запрос
15942,0,Запрос
15943,0,Запрос
15944,0,Запрос
15945,0,Запрос
15946,0,Запрос
15947,0,Запрос
15948,0,Запрос
15949,0,Запрос
15950,0,Запрос
15951,0,Запрос
15952,0,Запрос
15953,0,Запрос
15954,0,Запрос
15955,0,Запрос
15956,0,Запрос
15957,0,Запрос
15958,0,Запрос
15959,0,Запрос
15960,0,Запрос
15961,0,Запрос
15962,0,Запрос
15963,0,Запрос
15964,0,Запрос
15965,0,Запрос
15966,0,Запрос
15967,0,Запрос
15968,2,Запрос
15969,0,Запрос
15970,0,Запрос
15971,0,Инцидент
15972,0,Запрос
15973,0,Запрос
15974,0,Запрос
15975,0,Запрос
15976,0,Запрос
15977,0,Запрос
15978,0,Запрос
15979,0,Запрос
15980,2,Запрос
15981,0,Запрос
15982,0,Запрос
15983,0,Запрос
15984,0,Запрос
15985,0,Запрос
15986,0,Запрос
15987,0,Запрос
15988,0,Запрос
15989,0,Запрос
15990,0,Запрос
15991,0,Запрос
15992,0,Запрос
15993,0,Запрос
15994,0,Запрос
15995,0,Запрос
15996,0,Запрос
15997,0,Запрос
15998,0,Запрос
15999,0,Запрос
16000,0,Запрос
16001,0,Запрос
16002,0,Запрос
16003,0,Запрос
16004,0,Запрос
16005,0,Запрос
16006,0,Запрос
16007,0,Запрос
16008,0,Запрос
16009,0,Запрос
16010,0,Запрос
16011,0,Запрос
16012,0,Запрос
16013,0,Запрос
16014,0,Запрос
16015,0,Запрос
16016,0,Запрос
16017,0,Запрос
16018,0,Запрос
16019,0,Запрос
16020,0,Запрос
16021,0,Запрос
16022,0,Запрос
16023,0,Запрос
16024,0,Запрос
16025,0,Запрос
16026,0,Запрос
16027,0,Запрос
16028,0,Запрос
16029,0,Запрос
16030,0,Запрос
16031,0,Запрос
16032,0,Запрос
16033,0,Запрос
16034,0,Запрос
16035,0,Запрос
16036,0,Запрос
16037,0,Запрос
16038,0,Запрос
16039,0,Запрос
16040,0,Запрос
16041,0,Запрос
16042,0,Запрос
16043,0,Запрос
16044,0,Запрос
16045,0,Запрос
16046,0,Запрос
16047,0,Запрос
16048,0,Запрос
16049,0,Запрос
16050,0,Запрос
16051,0,Запрос
16052,0,Запрос
16053,0,Запрос
16054,0,Запрос
16055,0,Запрос
16056,2,Запрос
16057,0,Запрос
16058,0,Запрос
16059,0,Запрос
16060,0,Запрос
16061,0,Запрос
16062,0,Запрос
16063,0,Запрос
16064,0,Запрос
16065,0,Запрос
16066,0,Запрос
16067,0,Запрос
16068,0,Запрос
16069,0,Запрос
16070,0,Запрос
16071,0,Запрос
16072,0,Запрос
16073,0,Запрос
16074,0,Запрос
16075,0,Запрос
16076,0,Запрос
16077,0,Запрос
16078,0,Запрос
16079,0,Запрос
16080,0,Запрос
16081,0,Запрос
16082,0,Запрос
16083,0,Запрос
16084,0,Запрос
16085,0,Запрос
16086,0,Запрос
16087,0,Запрос
16088,0,Запрос
16089,0,Запрос
16090,0,Запрос
16091,0,Запрос
16092,0,Запрос
16093,0,Запрос
16094,0,Запрос
16095,0,Запрос
16096,0,Запрос
16097,0,Запрос
16098,0,Запрос
16099,0,Запрос
16100,0,Запрос
16101,0,Запрос
16102,0,Запрос
16103,0,Запрос
16104,0,Запрос
16105,0,Запрос
16106,0,Запрос
16107,0,Запрос
16108,0,Запрос
16109,0,Запрос
16110,0,Запрос
16111,0,Запрос
16112,0,Запрос
16113,0,Запрос
16114,0,Запрос
16115,0,Запрос
16116,0,Запрос
16117,0,Запрос
16118,0,Запрос
16119,0,Запрос
16120,0,Запрос
16121,0,Запрос
16122,0,Запрос
16123,0,Запрос
16124,0,Запрос
16125,0,Запрос
16126,0,Запрос
16127,0,Запрос
16128,0,Запрос
16129,0,Запрос
16130,0,Запрос
16131,0,Запрос
16132,0,Запрос
16133,0,Запрос
16134,0,Запрос
16135,0,Запрос
16136,0,Запрос
16137,0,Запрос
16138,0,Запрос
16139,0,Запрос
16140,0,Запрос
16141,0,Запрос
16142,0,Запрос
16143,0,Запрос
16144,0,Запрос
16145,0,Запрос
16146,0,Запрос
16147,0,Запрос
16148,0,Запрос
16149,0,Запрос
16150,0,Запрос
16151,0,Запрос
16152,0,Запрос
16153,0,Запрос
16154,0,Запрос
16155,0,Запрос
16156,0,Запрос
16157,0,Запрос
16158,0,Запрос
16159,0,Запрос
16160,0,Запрос
16161,0,Запрос
16162,0,Запрос
16163,0,Запрос
16164,0,Запрос
16165,0,Запрос
16166,0,Запрос
16167,0,Запрос
16168,0,Инцидент
16169,0,Запрос
16170,0,Запрос
16171,0,Запрос
16172,0,Запрос
16173,0,Запрос
16174,0,Запрос
16175,0,Инцидент
16176,0,Запрос
16177,0,Запрос
16178,0,Запрос
16179,0,Запрос
16180,0,Запрос
16181,0,Запрос
16182,0,Запрос
16183,0,Запрос
16184,0,Запрос
16185,0,Запрос
16186,0,Запрос
16187,0,Инцидент
16188,0,Запрос
16189,0,Запрос
16190,0,Запрос
16191,0,Запрос
16192,0,Запрос
16193,0,Запрос
16194,0,Запрос
16195,0,Запрос
16196,0,Запрос
16197,0,Запрос
16198,0,Запрос
16199,0,Запрос
16200,0,Запрос
16201,0,Запрос
16202,0,Запрос
16203,0,Запрос
16204,2,Запрос
16205,0,Запрос
16206,0,Запрос
16207,0,Запрос
16208,0,Запрос
16209,0,Запрос
16210,0,Запрос
16211,0,Запрос
16212,0,Запрос
16213,0,Запрос
16214,0,Запрос
16215,0,Запрос
16216,0,Запрос
16217,0,Запрос
16218,0,Запрос
16219,0,Запрос
16220,0,Запрос
16221,0,Запрос
16222,0,Запрос
16223,0,Запрос
16224,2,Запрос
16225,0,Запрос
16226,0,Запрос
16227,0,Запрос
16228,0,Запрос
16229,0,Запрос
16230,0,Запрос
16231,0,Запрос
16232,0,Запрос
16233,0,Запрос
16234,0,Запрос
16235,0,Запрос
16236,0,Запрос
16237,0,Запрос
16238,0,Запрос
16239,0,Запрос
16240,0,Запрос
16241,0,Запрос
16242,0,Запрос
16243,0,Запрос
16244,0,Запрос
16245,0,Запрос
16246,0,Запрос
16247,0,Запрос
16248,0,Запрос
16249,0,Запрос
16250,0,Запрос
16251,0,Запрос
16252,0,Запрос
16253,0,Запрос
16254,0,Запрос
16255,0,Запрос
16256,0,Запрос
16257,0,Запрос
16258,0,Запрос
16259,0,Запрос
16260,0,Запрос
16261,0,Запрос
16262,0,Запрос
16263,0,Запрос
16264,0,Запрос
16265,0,Запрос
16266,0,Запрос
16267,0,Запрос
16268,0,Запрос
16269,0,Запрос
16270,0,Запрос
16271,0,Запрос
16272,0,Запрос
16273,0,Запрос
16274,0,Запрос
16275,0,Запрос
16276,0,Запрос
16277,0,Запрос
16278,0,Запрос
16279,0,Запрос
16280,0,Запрос
16281,0,Запрос
16282,0,Запрос
16283,0,Запрос
16284,0,Запрос
16285,2,Запрос
16286,0,Запрос
16287,0,Запрос
16288,0,Запрос
16289,0,Запрос
16290,0,Запрос
16291,0,Запрос
16292,0,Запрос
16293,0,Запрос
16294,0,Запрос
16295,0,Запрос
16296,0,Запрос
16297,0,Запрос
16298,0,Запрос
16299,0,Запрос
16300,0,Запрос
16301,0,Запрос
16302,0,Запрос
16303,0,Запрос
16304,0,Запрос
16305,0,Запрос
16306,0,Запрос
16307,0,Запрос
16308,0,Запрос
16309,0,Запрос
16310,0,Запрос
16311,0,Запрос
16312,0,Запрос
16313,0,Запрос
16314,0,Запрос
16315,0,Запрос
16316,0,Запрос
16317,0,Запрос
16318,0,Запрос
16319,0,Запрос
16320,0,Запрос
16321,0,Запрос
16322,0,Запрос
16323,0,Запрос
16324,0,Запрос
16325,0,Запрос
16326,0,Запрос
16327,0,Запрос
16328,0,Запрос
16329,0,Запрос
16330,0,Запрос
16331,0,Запрос
16332,0,Запрос
16333,0,Запрос
16334,0,Запрос
16335,0,Запрос
16336,0,Запрос
16337,0,Запрос
16338,0,Запрос
16339,0,Запрос
16340,0,Запрос
16341,0,Запрос
16342,0,Запрос
16343,0,Запрос
16344,0,Запрос
16345,0,Запрос
16346,0,Запрос
16347,0,Запрос
16348,0,Запрос
16349,0,Запрос
16350,0,Запрос
16351,0,Запрос
16352,0,Запрос
16353,0,Запрос
16354,0,Запрос
16355,0,Запрос
16356,0,Запрос
16357,0,Запрос
16358,0,Запрос
16359,0,Запрос
16360,0,Запрос
16361,0,Запрос
16362,0,Запрос
16363,0,Запрос
16364,0,Запрос
16365,0,Запрос
16366,0,Запрос
16367,0,Запрос
16368,0,Запрос
16369,0,Запрос
16370,0,Запрос
16371,0,Запрос
16372,0,Запрос
16373,0,Запрос
16374,0,Запрос
16375,0,Запрос
16376,0,Запрос
16377,0,Запрос
16378,0,Запрос
16379,0,Запрос
16380,0,Запрос
16381,0,Запрос
16382,0,Запрос
16383,0,Запрос
16384,0,Запрос
16385,0,Запрос
16386,0,Запрос
16387,0,Запрос
16388,0,Запрос
16389,0,Запрос
16390,0,Запрос
16391,0,Запрос
16392,0,Запрос
16393,0,Запрос
16394,0,Запрос
16395,0,Запрос
16396,0,Запрос
16397,0,Запрос
16398,0,Запрос
16399,0,Запрос
16400,0,Запрос
16401,0,Запрос
16402,0,Запрос
16403,0,Запрос
16404,0,Запрос
16405,0,Запрос
16406,0,Запрос
16407,0,Запрос
16408,0,Запрос
16409,0,Запрос
16410,0,Запрос
16411,0,Запрос
16412,0,Запрос
16413,0,Запрос
16414,0,Запрос
16415,0,Запрос
16416,0,Запрос
16417,0,Запрос
16418,0,Запрос
16419,0,Запрос
16420,0,Запрос
16421,0,Запрос
16422,0,Запрос
16423,0,Запрос
16424,0,Запрос
16425,0,Запрос
16426,0,Запрос
16427,0,Запрос
16428,0,Запрос
16429,0,Запрос
16430,0,Запрос
16431,0,Запрос
16432,0,Запрос
16433,0,Запрос
16434,0,Запрос
16435,0,Запрос
16436,0,Запрос
16437,0,Запрос
16438,0,Запрос
16439,0,Запрос
16440,0,Запрос
16441,0,Запрос
16442,0,Запрос
16443,0,Запрос
16444,0,Запрос
16445,0,Запрос
16446,0,Запрос
16447,0,Запрос
16448,0,Запрос
16449,0,Запрос
16450,0,Запрос
16451,0,Запрос
16452,0,Запрос
16453,0,Запрос
16454,0,Запрос
16455,0,Запрос
16456,0,Запрос
16457,0,Запрос
16458,0,Запрос
16459,0,Запрос
16460,0,Запрос
16461,0,Запрос
16462,0,Запрос
16463,0,Запрос
16464,0,Запрос
16465,0,Запрос
16466,0,Запрос
16467,0,Запрос
16468,0,Запрос
16469,0,Запрос
16470,0,Запрос
16471,0,Запрос
16472,0,Запрос
16473,0,Запрос
16474,0,Запрос
16475,0,Запрос
16476,0,Запрос
16477,0,Запрос
16478,0,Запрос
16479,0,Запрос
16480,0,Запрос
16481,0,Запрос
16482,0,Запрос
16483,0,Запрос
16484,0,Запрос
16485,0,Запрос
16486,0,Запрос
16487,0,Запрос
16488,0,Запрос
16489,0,Запрос
16490,0,Запрос
16491,0,Запрос
16492,0,Запрос
16493,0,Запрос
16494,0,Запрос
16495,0,Запрос
16496,0,Запрос
16497,0,Запрос
16498,0,Запрос
16499,0,Запрос
16500,0,Запрос
16501,0,Запрос
16502,0,Запрос
16503,0,Запрос
16504,0,Запрос
16505,0,Запрос
16506,0,Запрос
16507,0,Запрос
16508,0,Инцидент
16509,0,Запрос
16510,0,Запрос
16511,0,Инцидент
16512,0,Запрос
16513,0,Запрос
16514,0,Запрос
16515,0,Запрос
16516,0,Запрос
16517,0,Запрос
16518,0,Запрос
16519,0,Запрос
16520,0,Запрос
16521,0,Запрос
16522,2,Запрос
16523,0,Запрос
16524,0,Запрос
16525,0,Запрос
16526,0,Запрос
16527,0,Запрос
16528,0,Запрос
16529,0,Запрос
16530,2,Запрос
16531,0,Запрос
16532,0,Запрос
16533,0,Запрос
16534,0,Запрос
16535,0,Запрос
16536,0,Запрос
16537,0,Запрос
16538,0,Запрос
16539,0,Запрос
16540,0,Запрос
16541,0,Запрос
16542,0,Запрос
16543,0,Запрос
16544,0,Запрос
16545,0,Запрос
16546,0,Запрос
16547,0,Запрос
16548,0,Запрос
16549,0,Запрос
16550,0,Запрос
16551,0,Запрос
16552,0,Запрос
16553,0,Запрос
16554,0,Запрос
16555,0,Запрос
16556,0,Запрос
16557,0,Запрос
16558,0,Запрос
16559,0,Запрос
16560,0,Запрос
16561,0,Запрос
16562,0,Запрос
16563,0,Запрос
16564,0,Запрос
16565,0,Запрос
16566,0,Запрос
16567,0,Запрос
16568,0,Запрос
16569,0,Запрос
16570,0,Запрос
16571,0,Запрос
16572,0,Запрос
16573,0,Запрос
16574,0,Запрос
16575,0,Запрос
16576,0,Запрос
16577,0,Запрос
16578,0,Запрос
16579,0,Запрос
16580,0,Запрос
16581,0,Запрос
16582,0,Запрос
16583,0,Запрос
16584,0,Запрос
16585,0,Запрос
16586,0,Запрос
16587,0,Запрос
16588,0,Запрос
16589,0,Запрос
16590,0,Запрос
16591,0,Запрос
16592,0,Запрос
16593,0,Запрос
16594,0,Запрос
16595,0,Запрос
16596,0,Запрос
16597,0,Запрос
16598,0,Запрос
16599,0,Запрос
16600,0,Запрос
16601,0,Запрос
16602,0,Запрос
16603,0,Запрос
16604,0,Запрос
16605,0,Запрос
16606,0,Запрос
16607,0,Запрос
16608,0,Запрос
16609,0,Запрос
16610,0,Инцидент
16611,0,Инцидент
16612,0,Инцидент
16613,0,Инцидент
16614,0,Инцидент
16615,0,Инцидент
16616,0,Инцидент
16617,2,Запрос
16618,2,Запрос
16619,0,Инцидент
16620,2,Запрос
16621,2,Запрос
16622,2,Запрос
16623,0,Запрос
16624,2,Запрос
16625,2,Запрос
16626,2,Запрос
16627,2,Запрос
16628,2,Запрос
16629,2,Запрос
16630,2,Запрос
16631,2,Запрос
16632,2,Запрос
16633,2,Запрос
16634,2,Запрос
16635,2,Запрос
16636,2,Запрос
16637,0,Инцидент
16638,2,Запрос
16639,0,Запрос
16640,2,Запрос
16641,2,Запрос
16642,2,Запрос
16643,2,Запрос
16644,2,Запрос
16645,0,Инцидент
16646,2,Запрос
16647,2,Запрос
16648,2,Запрос
16649,2,Запрос
16650,2,Запрос
16651,2,Запрос
16652,0,Запрос
16653,0,Запрос
16654,2,Запрос
16655,2,Запрос
16656,2,Запрос
16657,2,Запрос
16658,2,Запрос
16659,2,Запрос
16660,2,Запрос
16661,2,Запрос
16662,2,Запрос
16663,2,Запрос
16664,2,Запрос
16665,2,Запрос
16666,2,Запрос
16667,2,Запрос
16668,2,Запрос
16669,2,Запрос
16670,2,Запрос
16671,2,Запрос
16672,2,Запрос
16673,2,Запрос
16674,2,Запрос
16675,0,Инцидент
16676,0,Запрос
16677,0,Запрос
16678,0,Запрос
16679,0,Инцидент
16680,2,Запрос
16681,0,Запрос
16682,2,Запрос
16683,2,Запрос
16684,2,Запрос
16685,0,Запрос
16686,2,Запрос
16687,2,Запрос
16688,2,Запрос
16689,2,Запрос
16690,0,Инцидент
16691,0,Запрос
16692,0,Запрос
16693,0,Запрос
16694,0,Запрос
16695,2,Запрос
16696,2,Запрос
16697,2,Запрос
16698,2,Запрос
16699,0,Инцидент
16700,0,Инцидент
16701,0,Запрос
16702,2,Запрос
16703,0,Запрос
16704,0,Запрос
16705,0,Запрос
16706,0,Запрос
16707,0,Запрос
16708,0,Запрос
16709,0,Запрос
16710,0,Запрос
16711,0,Запрос
16712,0,Запрос
16713,0,Запрос
16714,0,Запрос
16715,0,Запрос
16716,0,Запрос
16717,0,Запрос
16718,0,Запрос
16719,0,Запрос
16720,2,Запрос
16721,0,Запрос
16722,0,Запрос
16723,0,Запрос
16724,0,Запрос
16725,0,Запрос
16726,0,Запрос
16727,0,Запрос
16728,0,Запрос
16729,0,Запрос
16730,0,Запрос
16731,0,Запрос
16732,0,Запрос
16733,0,Запрос
16734,0,Запрос
16735,0,Запрос
16736,0,Запрос
16737,0,Запрос
16738,0,Запрос
16739,0,Запрос
16740,0,Запрос
16741,0,Запрос
16742,0,Запрос
16743,0,Запрос
16744,0,Запрос
16745,0,Запрос
16746,0,Запрос
16747,0,Запрос
16748,0,Запрос
16749,0,Запрос
16750,0,Запрос
16751,0,Инцидент
16752,0,Запрос
16753,0,Запрос
16754,0,Запрос
16755,0,Запрос
16756,0,Запрос
16757,0,Запрос
16758,0,Запрос
16759,0,Инцидент
16760,0,Запрос
16761,0,Запрос
16762,0,Запрос
16763,2,Запрос
16764,0,Запрос
16765,0,Запрос
16766,0,Запрос
16767,0,Запрос
16768,0,Запрос
16769,0,Запрос
16770,0,Запрос
16771,0,Запрос
16772,0,Запрос
16773,0,Запрос
16774,0,Запрос
16775,0,Запрос
16776,0,Запрос
16777,0,Запрос
16778,0,Запрос
16779,0,Запрос
16780,0,Запрос
16781,0,Запрос
16782,0,Запрос
16783,0,Запрос
16784,0,Запрос
16785,0,Запрос
16786,0,Запрос
16787,0,Запрос
16788,0,Запрос
16789,0,Запрос
16790,0,Запрос
16791,0,Запрос
16792,0,Запрос
16793,0,Запрос
16794,0,Запрос
16795,0,Запрос
16796,0,Запрос
16797,0,Запрос
16798,0,Запрос
16799,0,Запрос
16800,0,Запрос
16801,0,Запрос
16802,0,Запрос
16803,0,Запрос
16804,0,Запрос
16805,0,Запрос
16806,0,Запрос
16807,0,Запрос
16808,0,Запрос
16809,0,Запрос
16810,0,Запрос
16811,0,Запрос
16812,0,Запрос
16813,0,Запрос
16814,0,Запрос
16815,0,Запрос
16816,0,Запрос
16817,0,Запрос
16818,0,Запрос
16819,0,Запрос
16820,0,Запрос
16821,0,Запрос
16822,0,Запрос
16823,0,Запрос
16824,0,Запрос
16825,0,Запрос
16826,0,Запрос
16827,0,Запрос
16828,0,Запрос
16829,0,Запрос
16830,0,Запрос
16831,0,Запрос
16832,0,Запрос
16833,0,Запрос
16834,0,Запрос
16835,0,Запрос
16836,0,Запрос
16837,0,Запрос
16838,0,Запрос
16839,0,Запрос
16840,0,Запрос
16841,0,Запрос
16842,0,Запрос
16843,0,Запрос
16844,0,Запрос
16845,0,Запрос
16846,0,Запрос
16847,0,Запрос
16848,0,Запрос
16849,0,Запрос
16850,0,Запрос
16851,0,Запрос
16852,0,Запрос
16853,0,Запрос
16854,0,Запрос
16855,0,Запрос
16856,0,Запрос
16857,0,Запрос
16858,0,Запрос
16859,0,Запрос
16860,0,Запрос
16861,0,Запрос
16862,0,Запрос
16863,0,Запрос
16864,0,Запрос
16865,0,Запрос
16866,0,Запрос
16867,0,Запрос
16868,0,Запрос
16869,0,Запрос
16870,0,Запрос
16871,0,Запрос
16872,0,Запрос
16873,0,Запрос
16874,0,Запрос
16875,0,Запрос
16876,0,Запрос
16877,0,Запрос
16878,0,Запрос
16879,0,Запрос
16880,0,Запрос
16881,0,Запрос
16882,0,Запрос
16883,0,Запрос
16884,0,Запрос
16885,0,Запрос
16886,0,Запрос
16887,0,Запрос
16888,0,Запрос
16889,0,Запрос
16890,0,Запрос
16891,0,Запрос
16892,0,Запрос
16893,0,Запрос
16894,0,Запрос
16895,0,Запрос
16896,0,Запрос
16897,0,Запрос
16898,0,Запрос
16899,0,Запрос
16900,0,Запрос
16901,0,Запрос
16902,0,Запрос
16903,0,Запрос
16904,0,Запрос
16905,0,Запрос
16906,0,Запрос
16907,0,Запрос
16908,0,Запрос
16909,0,Запрос
16910,0,Запрос
16911,0,Инцидент
16912,0,Запрос
16913,0,Запрос
16914,0,Запрос
16915,0,Запрос
16916,0,Запрос
16917,0,Запрос
16918,0,Запрос
16919,0,Запрос
16920,0,Запрос
16921,0,Запрос
16922,0,Запрос
16923,0,Запрос
16924,0,Запрос
16925,0,Запрос
16926,0,Запрос
16927,0,Запрос
16928,0,Запрос
16929,0,Запрос
16930,0,Запрос
16931,0,Запрос
16932,0,Запрос
16933,0,Запрос
16934,0,Запрос
16935,0,Запрос
16936,0,Запрос
16937,0,Запрос
16938,0,Запрос
16939,0,Запрос
16940,0,Запрос
16941,2,Запрос
16942,0,Запрос
16943,0,Запрос
16944,0,Запрос
16945,0,Запрос
16946,0,Запрос
16947,0,Запрос
16948,0,Запрос
16949,0,Запрос
16950,0,Запрос
16951,0,Запрос
16952,0,Запрос
16953,0,Запрос
16954,0,Запрос
16955,0,Запрос
16956,0,Запрос
16957,0,Запрос
16958,0,Запрос
16959,0,Запрос
16960,0,Запрос
16961,0,Запрос
16962,0,Запрос
16963,0,Запрос
16964,0,Запрос
16965,0,Запрос
16966,0,Запрос
16967,0,Запрос
16968,0,Запрос
16969,0,Запрос
16970,0,Запрос
16971,0,Запрос
16972,0,Запрос
16973,0,Инцидент
16974,0,Запрос
16975,0,Запрос
16976,0,Запрос
16977,0,Запрос
16978,0,Запрос
16979,0,Запрос
16980,0,Запрос
16981,2,Запрос
16982,0,Запрос
16983,0,Инцидент
16984,0,Запрос
16985,0,Запрос
16986,0,Запрос
16987,0,Запрос
16988,0,Запрос
16989,0,Запрос
16990,0,Инцидент
16991,0,Запрос
16992,0,Запрос
16993,0,Запрос
16994,0,Запрос
16995,0,Запрос
16996,0,Запрос
16997,0,Запрос
16998,0,Запрос
16999,0,Запрос
17000,0,Запрос
17001,0,Запрос
17002,0,Запрос
17003,0,Запрос
17004,0,Запрос
17005,0,Запрос
17006,0,Запрос
17007,0,Запрос
17008,0,Запрос
17009,0,Запрос
17010,0,Запрос
17011,0,Запрос
17012,0,Запрос
17013,0,Запрос
17014,0,Запрос
17015,0,Запрос
17016,0,Запрос
17017,0,Запрос
17018,0,Запрос
17019,0,Запрос
17020,0,Запрос
17021,0,Запрос
17022,0,Запрос
17023,0,Запрос
17024,0,Запрос
17025,0,Запрос
17026,0,Запрос
17027,0,Инцидент
17028,0,Запрос
17029,0,Запрос
17030,0,Запрос
17031,0,Запрос
17032,0,Запрос
17033,0,Запрос
17034,0,Запрос
17035,0,Запрос
17036,0,Запрос
17037,0,Запрос
17038,0,Запрос
17039,0,Запрос
17040,0,Запрос
17041,0,Запрос
17042,0,Запрос
17043,0,Запрос
17044,0,Запрос
17045,0,Запрос
17046,0,Запрос
17047,0,Запрос
17048,0,Запрос
17049,0,Запрос
17050,0,Запрос
17051,0,Запрос
17052,0,Запрос
17053,0,Запрос
17054,0,Запрос
17055,0,Запрос
17056,0,Запрос
17057,0,Запрос
17058,0,Запрос
17059,0,Запрос
17060,0,Запрос
17061,0,Запрос
17062,0,Запрос
17063,0,Запрос
17064,0,Запрос
17065,0,Запрос
17066,0,Запрос
17067,0,Запрос
17068,0,Запрос
17069,0,Запрос
17070,0,Запрос
17071,0,Запрос
17072,0,Запрос
17073,0,Запрос
17074,0,Запрос
17075,0,Запрос
17076,0,Запрос
17077,0,Запрос
17078,0,Запрос
17079,0,Запрос
17080,0,Запрос
17081,0,Запрос
17082,0,Запрос
17083,0,Запрос
17084,0,Запрос
17085,0,Запрос
17086,0,Запрос
17087,0,Запрос
17088,0,Запрос
17089,0,Запрос
17090,0,Запрос
17091,0,Запрос
17092,0,Запрос
17093,0,Запрос
17094,0,Запрос
17095,0,Запрос
17096,0,Запрос
17097,0,Запрос
17098,0,Запрос
17099,0,Запрос
17100,0,Запрос
17101,0,Запрос
17102,0,Запрос
17103,0,Запрос
17104,0,Запрос
17105,0,Запрос
17106,0,Запрос
17107,0,Запрос
17108,0,Запрос
17109,0,Запрос
17110,0,Запрос
17111,0,Запрос
17112,0,Запрос
17113,0,Запрос
17114,0,Запрос
17115,0,Запрос
17116,0,Запрос
17117,0,Запрос
17118,0,Запрос
17119,0,Запрос
17120,0,Запрос
17121,0,Запрос
17122,0,Запрос
17123,0,Запрос
17124,0,Запрос
17125,0,Запрос
17126,0,Запрос
17127,0,Запрос
17128,0,Запрос
17129,0,Запрос
17130,0,Запрос
17131,0,Запрос
17132,0,Запрос
17133,0,Запрос
17134,0,Запрос
17135,0,Запрос
17136,0,Запрос
17137,0,Запрос
17138,2,Запрос
17139,0,Запрос
17140,0,Запрос
17141,0,Запрос
17142,0,Запрос
17143,0,Запрос
17144,0,Запрос
17145,0,Запрос
17146,0,Запрос
17147,0,Запрос
17148,0,Запрос
17149,0,Запрос
17150,0,Запрос
17151,0,Запрос
17152,0,Запрос
17153,0,Запрос
17154,0,Запрос
17155,0,Запрос
17156,0,Запрос
17157,0,Запрос
17158,0,Запрос
17159,0,Запрос
17160,0,Инцидент
17161,0,Запрос
17162,0,Запрос
17163,0,Запрос
17164,0,Запрос
17165,0,Запрос
17166,0,Запрос
17167,0,Запрос
17168,0,Запрос
17169,0,Запрос
17170,0,Запрос
17171,0,Запрос
17172,0,Запрос
17173,0,Запрос
17174,0,Запрос
17175,0,Запрос
17176,0,Запрос
17177,0,Запрос
17178,0,Запрос
17179,0,Запрос
17180,0,Запрос
17181,0,Запрос
17182,0,Запрос
17183,0,Запрос
17184,0,Запрос
17185,0,Запрос
17186,0,Запрос
17187,0,Запрос
17188,0,Запрос
17189,0,Запрос
17190,0,Запрос
17191,0,Запрос
17192,0,Запрос
17193,0,Запрос
17194,0,Запрос
17195,0,Запрос
17196,0,Запрос
17197,0,Запрос
17198,0,Запрос
17199,0,Запрос
17200,0,Запрос
17201,0,Запрос
17202,0,Запрос
17203,0,Запрос
17204,0,Запрос
17205,0,Запрос
17206,0,Запрос
17207,0,Запрос
17208,0,Запрос
17209,0,Запрос
17210,0,Запрос
17211,0,Запрос
17212,0,Запрос
17213,0,Запрос
17214,0,Запрос
17215,0,Запрос
17216,0,Запрос
17217,0,Запрос
17218,0,Запрос
17219,0,Запрос
17220,0,Запрос
17221,0,Запрос
17222,0,Запрос
17223,0,Запрос
17224,0,Запрос
17225,0,Запрос
17226,0,Запрос
17227,0,Запрос
17228,0,Запрос
17229,0,Запрос
17230,0,Запрос
17231,0,Запрос
17232,0,Запрос
17233,0,Запрос
17234,0,Запрос
17235,0,Запрос
17236,0,Запрос
17237,0,Запрос
17238,0,Запрос
17239,0,Запрос
17240,0,Запрос
17241,0,Запрос
17242,0,Запрос
17243,0,Запрос
17244,0,Запрос
17245,0,Запрос
17246,0,Запрос
17247,0,Запрос
17248,0,Запрос
17249,0,Запрос
17250,0,Запрос
17251,0,Запрос
17252,0,Запрос
17253,0,Запрос
17254,0,Запрос
17255,0,Запрос
17256,0,Запрос
17257,0,Запрос
17258,0,Запрос
17259,0,Запрос
17260,0,Запрос
17261,0,Запрос
17262,0,Запрос
17263,0,Запрос
17264,0,Запрос
17265,0,Запрос
17266,0,Запрос
17267,0,Запрос
17268,0,Запрос
17269,0,Запрос
17270,0,Запрос
17271,0,Запрос
17272,0,Запрос
17273,0,Запрос
17274,0,Запрос
17275,0,Запрос
17276,0,Запрос
17277,0,Запрос
17278,0,Запрос
17279,0,Запрос
17280,0,Запрос
17281,2,Запрос
17282,0,Запрос
17283,0,Запрос
17284,0,Запрос
17285,0,Запрос
17286,0,Запрос
17287,0,Запрос
17288,0,Запрос
17289,0,Запрос
17290,0,Запрос
17291,0,Запрос
17292,0,Запрос
17293,0,Запрос
17294,0,Запрос
17295,0,Запрос
17296,0,Запрос
17297,0,Запрос
17298,0,Запрос
17299,0,Запрос
17300,0,Запрос
17301,0,Запрос
17302,0,Запрос
17303,0,Запрос
17304,0,Запрос
17305,0,Запрос
17306,0,Запрос
17307,0,Запрос
17308,0,Запрос
17309,0,Запрос
17310,0,Запрос
17311,0,Запрос
17312,0,Запрос
17313,0,Запрос
17314,0,Запрос
17315,0,Запрос
17316,0,Запрос
17317,0,Запрос
17318,0,Запрос
17319,0,Запрос
17320,0,Запрос
17321,0,Запрос
17322,0,Запрос
17323,0,Запрос
17324,0,Запрос
17325,0,Запрос
17326,0,Запрос
17327,0,Запрос
17328,0,Запрос
17329,0,Запрос
17330,0,Запрос
17331,0,Запрос
17332,0,Запрос
17333,0,Запрос
17334,0,Запрос
17335,0,Запрос
17336,0,Запрос
17337,0,Запрос
17338,0,Запрос
17339,0,Запрос
17340,0,Запрос
17341,0,Запрос
17342,0,Запрос
17343,0,Запрос
17344,0,Запрос
17345,0,Запрос
17346,0,Запрос
17347,0,Запрос
17348,0,Запрос
17349,0,Запрос
17350,0,Запрос
17351,0,Запрос
17352,0,Запрос
17353,0,Запрос
17354,0,Запрос
17355,0,Запрос
17356,0,Запрос
17357,0,Запрос
17358,0,Запрос
17359,0,Запрос
17360,0,Запрос
17361,0,Запрос
17362,0,Запрос
17363,0,Запрос
17364,0,Запрос
17365,0,Запрос
17366,0,Запрос
17367,0,Запрос
17368,0,Запрос
17369,0,Запрос
17370,0,Запрос
17371,0,Запрос
17372,0,Запрос
17373,0,Запрос
17374,0,Запрос
17375,0,Запрос
17376,0,Запрос
17377,0,Запрос
17378,0,Запрос
17379,0,Запрос
17380,0,Запрос
17381,0,Запрос
17382,0,Запрос
17383,0,Запрос
17384,0,Запрос
17385,0,Запрос
17386,0,Запрос
17387,0,Запрос
17388,0,Запрос
17389,0,Запрос
17390,0,Запрос
17391,0,Запрос
17392,0,Запрос
17393,0,Запрос
17394,0,Запрос
17395,0,Запрос
17396,0,Запрос
17397,0,Запрос
17398,0,Запрос
17399,0,Запрос
17400,0,Запрос
17401,0,Запрос
17402,0,Запрос
17403,0,Запрос
17404,0,Запрос
17405,0,Запрос
17406,0,Запрос
17407,0,Запрос
17408,0,Запрос
17409,0,Запрос
17410,2,Запрос
17411,0,Запрос
17412,0,Запрос
17413,0,Запрос
17414,0,Запрос
17415,0,Запрос
17416,0,Запрос
17417,0,Запрос
17418,0,Запрос
17419,0,Запрос
17420,0,Запрос
17421,0,Запрос
17422,0,Запрос
17423,0,Запрос
17424,0,Запрос
17425,0,Запрос
17426,0,Запрос
17427,0,Запрос
17428,0,Запрос
17429,0,Запрос
17430,0,Запрос
17431,0,Запрос
17432,0,Запрос
17433,0,Запрос
17434,0,Запрос
17435,0,Запрос
17436,0,Запрос
17437,0,Запрос
17438,0,Запрос
17439,0,Запрос
17440,0,Запрос
17441,0,Запрос
17442,0,Запрос
17443,0,Запрос
17444,0,Запрос
17445,0,Запрос
17446,0,Запрос
17447,0,Запрос
17448,0,Запрос
17449,0,Запрос
17450,0,Запрос
17451,0,Запрос
17452,0,Запрос
17453,0,Запрос
17454,0,Запрос
17455,0,Запрос
17456,0,Запрос
17457,0,Запрос
17458,0,Запрос
17459,0,Запрос
17460,0,Запрос
17461,0,Запрос
17462,0,Запрос
17463,0,Запрос
17464,0,Запрос
17465,0,Запрос
17466,2,Запрос
17467,0,Запрос
17468,0,Запрос
17469,0,Запрос
17470,0,Запрос
17471,0,Запрос
17472,0,Запрос
17473,0,Запрос
17474,0,Запрос
17475,0,Запрос
17476,0,Запрос
17477,0,Запрос
17478,0,Запрос
17479,0,Запрос
17480,0,Запрос
17481,0,Запрос
17482,0,Запрос
17483,0,Запрос
17484,0,Запрос
17485,0,Запрос
17486,0,Запрос
17487,0,Запрос
17488,0,Запрос
17489,0,Запрос
17490,0,Запрос
17491,0,Запрос
17492,0,Запрос
17493,0,Запрос
17494,0,Запрос
17495,0,Запрос
17496,0,Запрос
17497,0,Запрос
17498,0,Запрос
17499,0,Запрос
17500,0,Запрос
17501,0,Запрос
17502,0,Запрос
17503,0,Запрос
17504,0,Запрос
17505,0,Запрос
17506,0,Запрос
17507,0,Запрос
17508,0,Запрос
17509,0,Запрос
17510,0,Запрос
17511,0,Запрос
17512,0,Запрос
17513,0,Запрос
17514,0,Запрос
17515,0,Запрос
17516,0,Запрос
17517,0,Запрос
17518,0,Запрос
17519,0,Запрос
17520,0,Запрос
17521,0,Запрос
17522,0,Запрос
17523,0,Запрос
17524,0,Запрос
17525,0,Запрос
17526,0,Запрос
17527,0,Запрос
17528,0,Запрос
17529,0,Запрос
17530,0,Запрос
17531,0,Запрос
17532,0,Запрос
17533,0,Запрос
17534,0,Запрос
17535,0,Запрос
17536,0,Запрос
17537,0,Запрос
17538,0,Запрос
17539,0,Запрос
17540,0,Запрос
17541,0,Запрос
17542,0,Запрос
17543,0,Запрос
17544,0,Запрос
17545,0,Запрос
17546,0,Запрос
17547,0,Запрос
17548,0,Запрос
17549,0,Запрос
17550,0,Запрос
17551,0,Запрос
17552,2,Запрос
17553,0,Запрос
17554,0,Запрос
17555,0,Запрос
17556,0,Запрос
17557,0,Запрос
17558,0,Запрос
17559,0,Запрос
17560,0,Запрос
17561,0,Запрос
17562,0,Запрос
17563,0,Запрос
17564,0,Запрос
17565,0,Запрос
17566,0,Запрос
17567,0,Запрос
17568,0,Запрос
17569,0,Запрос
17570,0,Запрос
17571,0,Запрос
17572,0,Запрос
17573,0,Запрос
17574,0,Запрос
17575,0,Запрос
17576,0,Запрос
17577,0,Запрос
17578,0,Запрос
17579,0,Запрос
17580,0,Запрос
17581,0,Запрос
17582,0,Запрос
17583,0,Запрос
17584,0,Запрос
17585,0,Запрос
17586,0,Запрос
17587,0,Запрос
17588,0,Запрос
17589,0,Запрос
17590,0,Запрос
17591,0,Запрос
17592,0,Запрос
17593,0,Запрос
17594,0,Запрос
17595,0,Запрос
17596,0,Запрос
17597,0,Запрос
17598,0,Запрос
17599,0,Запрос
17600,2,Запрос
17601,0,Запрос
17602,0,Запрос
17603,0,Запрос
17604,0,Запрос
17605,0,Запрос
17606,0,Запрос
17607,0,Запрос
17608,0,Запрос
17609,0,Запрос
17610,0,Запрос
17611,0,Запрос
17612,0,Запрос
17613,0,Запрос
17614,0,Запрос
17615,0,Запрос
17616,0,Запрос
17617,0,Запрос
17618,0,Запрос
17619,0,Запрос
17620,0,Запрос
17621,0,Запрос
17622,0,Запрос
17623,0,Запрос
17624,0,Запрос
17625,0,Запрос
17626,0,Запрос
17627,0,Запрос
17628,0,Запрос
17629,0,Запрос
17630,0,Запрос
17631,0,Запрос
17632,0,Запрос
17633,0,Запрос
17634,0,Запрос
17635,0,Запрос
17636,0,Запрос
17637,0,Запрос
17638,0,Запрос
17639,0,Запрос
17640,0,Запрос
17641,0,Запрос
17642,0,Запрос
17643,0,Запрос
17644,0,Запрос
17645,0,Запрос
17646,0,Запрос
17647,0,Запрос
17648,0,Запрос
17649,0,Запрос
17650,0,Запрос
17651,0,Запрос
17652,0,Запрос
17653,0,Запрос
17654,0,Запрос
17655,0,Запрос
17656,0,Запрос
17657,0,Запрос
17658,0,Запрос
17659,0,Запрос
17660,0,Запрос
17661,0,Запрос
17662,0,Запрос
17663,0,Запрос
17664,0,Запрос
17665,0,Запрос
17666,0,Запрос
17667,0,Запрос
17668,0,Запрос
17669,0,Запрос
17670,0,Запрос
17671,0,Запрос
17672,0,Запрос
17673,0,Запрос
17674,0,Запрос
17675,0,Запрос
17676,0,Запрос
17677,0,Запрос
17678,0,Запрос
17679,0,Запрос
17680,0,Запрос
17681,0,Запрос
17682,0,Запрос
17683,0,Запрос
17684,0,Запрос
17685,0,Запрос
17686,0,Запрос
17687,0,Запрос
17688,0,Запрос
17689,0,Запрос
17690,0,Запрос
17691,0,Запрос
17692,0,Запрос
17693,0,Запрос
17694,0,Запрос
17695,0,Инцидент
17696,0,Запрос
17697,0,Запрос
17698,0,Запрос
17699,0,Запрос
17700,0,Запрос
17701,0,Запрос
17702,0,Запрос
17703,0,Запрос
17704,0,Запрос
17705,0,Запрос
17706,0,Запрос
17707,0,Запрос
17708,0,Запрос
17709,0,Запрос
17710,0,Запрос
17711,0,Запрос
17712,0,Запрос
17713,0,Запрос
17714,0,Запрос
17715,0,Запрос
17716,0,Запрос
17717,0,Запрос
17718,0,Запрос
17719,0,Запрос
17720,0,Инцидент
17721,0,Запрос
17722,0,Запрос
17723,0,Запрос
17724,0,Инцидент
17725,0,Инцидент
17726,0,Инцидент
17727,0,Инцидент
17728,0,Инцидент
17729,0,Инцидент
17730,0,Инцидент
17731,0,Инцидент
17732,0,Инцидент
17733,0,Инцидент
17734,0,Инцидент
17735,0,Инцидент
17736,0,Инцидент
17737,0,Инцидент
17738,0,Инцидент
17739,0,Инцидент
17740,0,Инцидент
17741,0,Инцидент
17742,0,Инцидент
17743,0,Инцидент
17744,0,Запрос
17745,0,Инцидент
17746,0,Запрос
17747,0,Инцидент
17748,0,Инцидент
17749,0,Инцидент
17750,0,Инцидент
17751,0,Инцидент
17752,0,Инцидент
17753,0,Инцидент
17754,0,Инцидент
17755,0,Инцидент
17756,0,Запрос
17757,0,Инцидент
17758,0,Инцидент
17759,0,Инцидент
17760,0,Инцидент
17761,0,Запрос
17762,0,Запрос
17763,0,Запрос
17764,0,Запрос
17765,0,Запрос
17766,0,Запрос
17767,0,Запрос
17768,0,Инцидент
17769,0,Запрос
17770,0,Запрос
17771,0,Запрос
17772,0,Запрос
17773,0,Запрос
17774,0,Запрос
17775,0,Запрос
17776,0,Запрос
17777,0,Запрос
17778,0,Запрос
17779,0,Запрос
17780,0,Запрос
17781,0,Запрос
17782,0,Запрос
17783,0,Запрос
17784,0,Запрос
17785,0,Запрос
17786,0,Запрос
17787,0,Запрос
17788,0,Запрос
17789,0,Запрос
17790,0,Запрос
17791,0,Запрос
17792,0,Запрос
17793,0,Запрос
17794,0,Запрос
17795,0,Запрос
17796,0,Запрос
17797,0,Запрос
17798,0,Запрос
17799,0,Запрос
17800,0,Запрос
17801,0,Запрос
17802,0,Запрос
17803,2,Запрос
17804,0,Запрос
17805,0,Запрос
17806,0,Запрос
17807,0,Запрос
17808,0,Запрос
17809,0,Запрос
17810,0,Инцидент
17811,0,Запрос
17812,2,Запрос
17813,2,Запрос
17814,0,Запрос
17815,2,Запрос
17816,2,Запрос
17817,0,Запрос
17818,2,Запрос
17819,0,Запрос
17820,0,Запрос
17821,0,Запрос
17822,0,Запрос
17823,0,Запрос
17824,0,Запрос
17825,0,Запрос
17826,0,Запрос
17827,0,Запрос
17828,0,Запрос
17829,0,Запрос
17830,0,Запрос
17831,0,Запрос
17832,0,Запрос
17833,0,Запрос
17834,0,Запрос
17835,0,Запрос
17836,0,Запрос
17837,0,Запрос
17838,0,Запрос
17839,0,Запрос
17840,0,Запрос
17841,0,Запрос
17842,0,Запрос
17843,0,Запрос
17844,0,Запрос
17845,0,Запрос
17846,0,Запрос
17847,0,Запрос
17848,0,Запрос
17849,0,Запрос
17850,0,Запрос
17851,0,Запрос
17852,0,Запрос
17853,0,Запрос
17854,0,Запрос
17855,0,Запрос
17856,0,Запрос
17857,0,Запрос
17858,0,Запрос
17859,0,Запрос
17860,0,Запрос
17861,0,Запрос
17862,0,Запрос
17863,0,Запрос
17864,0,Запрос
17865,0,Запрос
17866,0,Запрос
17867,0,Запрос
17868,0,Запрос
17869,0,Запрос
17870,0,Запрос
17871,0,Запрос
17872,0,Запрос
17873,0,Запрос
17874,0,Запрос
17875,0,Запрос
17876,0,Запрос
17877,0,Запрос
17878,0,Запрос
17879,0,Запрос
17880,0,Запрос
17881,0,Запрос
17882,0,Запрос
17883,0,Запрос
17884,0,Запрос
17885,0,Запрос
17886,0,Запрос
17887,0,Запрос
17888,0,Запрос
17889,0,Запрос
17890,0,Запрос
17891,0,Запрос
17892,0,Запрос
17893,0,Запрос
17894,0,Запрос
17895,0,Запрос
17896,0,Запрос
17897,0,Запрос
17898,0,Запрос
17899,0,Запрос
17900,0,Запрос
17901,0,Запрос
17902,0,Запрос
17903,0,Запрос
17904,0,Запрос
17905,0,Запрос
17906,0,Запрос
17907,0,Запрос
17908,0,Инцидент
17909,0,Запрос
17910,0,Запрос
17911,0,Запрос
17912,0,Запрос
17913,0,Запрос
17914,0,Запрос
17915,0,Запрос
17916,2,Запрос
17917,0,Запрос
17918,0,Запрос
17919,0,Запрос
17920,0,Запрос
17921,0,Запрос
17922,0,Запрос
17923,0,Запрос
17924,0,Запрос
17925,0,Запрос
17926,0,Запрос
17927,0,Запрос
17928,0,Запрос
17929,0,Запрос
17930,0,Запрос
17931,0,Запрос
17932,0,Запрос
17933,0,Запрос
17934,0,Запрос
17935,0,Запрос
17936,0,Запрос
17937,0,Запрос
17938,0,Запрос
17939,0,Запрос
17940,0,Запрос
17941,0,Запрос
17942,0,Запрос
17943,0,Запрос
17944,0,Запрос
17945,0,Запрос
17946,0,Запрос
17947,0,Запрос
17948,0,Запрос
17949,0,Запрос
17950,0,Запрос
17951,0,Запрос
17952,0,Запрос
17953,0,Запрос
17954,0,Запрос
17955,0,Запрос
17956,0,Запрос
17957,0,Запрос
17958,0,Запрос
17959,0,Запрос
17960,0,Запрос
17961,0,Запрос
17962,0,Запрос
17963,0,Запрос
17964,0,Запрос
17965,0,Запрос
17966,0,Запрос
17967,0,Запрос
17968,0,Запрос
17969,0,Запрос
17970,0,Запрос
17971,0,Запрос
17972,0,Запрос
17973,0,Запрос
17974,0,Запрос
17975,0,Запрос
17976,0,Запрос
17977,0,Запрос
17978,0,Запрос
17979,0,Запрос
17980,0,Запрос
17981,0,Запрос
17982,0,Запрос
17983,0,Запрос
17984,0,Запрос
17985,0,Запрос
17986,0,Запрос
17987,0,Запрос
17988,0,Запрос
17989,0,Запрос
17990,0,Запрос
17991,0,Запрос
17992,0,Запрос
17993,0,Запрос
17994,0,Запрос
17995,2,Запрос
17996,0,Запрос
17997,0,Запрос
17998,0,Запрос
17999,0,Запрос
18000,0,Запрос
18001,0,Запрос
18002,0,Запрос
18003,0,Запрос
18004,0,Запрос
18005,0,Запрос
18006,0,Запрос
18007,0,Запрос
18008,0,Запрос
18009,0,Запрос
18010,0,Запрос
18011,0,Запрос
18012,0,Запрос
18013,0,Запрос
18014,0,Запрос
18015,0,Запрос
18016,0,Запрос
18017,0,Запрос
18018,0,Запрос
18019,0,Запрос
18020,0,Запрос
18021,0,Запрос
18022,0,Запрос
18023,0,Запрос
18024,0,Запрос
18025,0,Запрос
18026,0,Запрос
18027,0,Запрос
18028,0,Запрос
18029,2,Запрос
18030,0,Запрос
18031,0,Запрос
18032,0,Запрос
18033,0,Запрос
18034,0,Запрос
18035,0,Запрос
18036,0,Запрос
18037,0,Запрос
18038,0,Запрос
18039,0,Запрос
18040,0,Запрос
18041,0,Запрос
18042,0,Запрос
18043,0,Запрос
18044,0,Запрос
18045,0,Запрос
18046,0,Запрос
18047,0,Запрос
18048,0,Запрос
18049,0,Запрос
18050,0,Запрос
18051,0,Запрос
18052,0,Запрос
18053,0,Запрос
18054,0,Запрос
18055,0,Запрос
18056,0,Запрос
18057,0,Запрос
18058,0,Запрос
18059,0,Запрос
18060,0,Запрос
18061,0,Запрос
18062,0,Запрос
18063,2,Инцидент
18064,0,Запрос
18065,0,Запрос
18066,0,Запрос
18067,0,Запрос
18068,0,Запрос
18069,0,Запрос
18070,0,Запрос
18071,0,Запрос
18072,0,Запрос
18073,0,Запрос
18074,0,Запрос
18075,0,Запрос
18076,0,Запрос
18077,0,Запрос
18078,0,Запрос
18079,0,Запрос
18080,0,Запрос
18081,0,Запрос
18082,0,Запрос
18083,0,Запрос
18084,0,Запрос
18085,0,Запрос
18086,0,Запрос
18087,0,Запрос
18088,0,Запрос
18089,0,Запрос
18090,0,Запрос
18091,0,Запрос
18092,0,Запрос
18093,0,Запрос
18094,0,Запрос
18095,0,Запрос
18096,0,Запрос
18097,0,Запрос
18098,0,Запрос
18099,0,Запрос
18100,0,Запрос
18101,0,Запрос
18102,0,Запрос
18103,0,Запрос
18104,0,Запрос
18105,0,Запрос
18106,0,Запрос
18107,0,Запрос
18108,0,Запрос
18109,0,Запрос
18110,0,Запрос
18111,0,Запрос
18112,0,Запрос
18113,0,Запрос
18114,0,Запрос
18115,0,Запрос
18116,0,Запрос
18117,0,Запрос
18118,0,Запрос
18119,0,Запрос
18120,0,Запрос
18121,0,Запрос
18122,0,Запрос
18123,0,Запрос
18124,0,Запрос
18125,0,Запрос
18126,0,Запрос
18127,0,Запрос
18128,0,Запрос
18129,0,Запрос
18130,0,Запрос
18131,0,Запрос
18132,0,Запрос
18133,0,Запрос
18134,0,Запрос
18135,0,Запрос
18136,0,Запрос
18137,0,Запрос
18138,0,Запрос
18139,0,Запрос
18140,0,Запрос
18141,0,Запрос
18142,0,Запрос
18143,0,Запрос
18144,0,Запрос
18145,0,Инцидент
18146,0,Инцидент
18147,0,Запрос
18148,0,Запрос
18149,0,Запрос
18150,0,Запрос
18151,0,Запрос
18152,0,Запрос
18153,0,Запрос
18154,0,Запрос
18155,0,Запрос
18156,0,Запрос
18157,0,Запрос
18158,0,Запрос
18159,0,Запрос
18160,0,Запрос
18161,2,Запрос
18162,0,Запрос
18163,0,Запрос
18164,0,Запрос
18165,0,Запрос
18166,0,Запрос
18167,0,Запрос
18168,0,Запрос
18169,0,Запрос
18170,0,Запрос
18171,0,Запрос
18172,0,Запрос
18173,0,Запрос
18174,0,Запрос
18175,0,Запрос
18176,0,Запрос
18177,0,Запрос
18178,0,Запрос
18179,0,Запрос
18180,0,Запрос
18181,0,Запрос
18182,0,Запрос
18183,0,Запрос
18184,0,Запрос
18185,0,Запрос
18186,0,Запрос
18187,0,Запрос
18188,0,Запрос
18189,0,Запрос
18190,0,Запрос
18191,0,Запрос
18192,0,Запрос
18193,0,Запрос
18194,0,Запрос
18195,0,Запрос
18196,0,Запрос
18197,0,Запрос
18198,0,Запрос
18199,0,Запрос
18200,0,Запрос
18201,0,Запрос
18202,0,Запрос
18203,0,Запрос
18204,0,Запрос
18205,0,Запрос
18206,0,Запрос
18207,0,Запрос
18208,2,Запрос
18209,0,Запрос
18210,0,Запрос
18211,0,Запрос
18212,0,Запрос
18213,0,Запрос
18214,2,Запрос
18215,0,Запрос
18216,0,Запрос
18217,0,Запрос
18218,0,Запрос
18219,0,Запрос
18220,0,Запрос
18221,0,Запрос
18222,0,Запрос
18223,0,Запрос
18224,0,Инцидент
18225,0,Запрос
18226,0,Запрос
18227,0,Запрос
18228,0,Запрос
18229,0,Запрос
18230,0,Запрос
18231,0,Запрос
18232,0,Запрос
18233,0,Запрос
18234,0,Запрос
18235,0,Запрос
18236,0,Запрос
18237,0,Запрос
18238,0,Запрос
18239,0,Запрос
18240,0,Запрос
18241,0,Запрос
18242,0,Запрос
18243,0,Запрос
18244,0,Запрос
18245,0,Запрос
18246,0,Запрос
18247,0,Запрос
18248,0,Запрос
18249,0,Запрос
18250,0,Запрос
18251,0,Запрос
18252,0,Запрос
18253,0,Запрос
18254,0,Запрос
18255,0,Запрос
18256,0,Запрос
18257,0,Запрос
18258,0,Запрос
18259,0,Запрос
18260,0,Запрос
18261,0,Запрос
18262,0,Запрос
18263,0,Запрос
18264,0,Запрос
18265,0,Запрос
18266,0,Запрос
18267,0,Запрос
18268,0,Запрос
18269,0,Запрос
18270,0,Запрос
18271,0,Запрос
18272,0,Запрос
18273,0,Запрос
18274,0,Запрос
18275,0,Запрос
18276,0,Запрос
18277,0,Запрос
18278,0,Запрос
18279,0,Запрос
18280,0,Запрос
18281,0,Запрос
18282,0,Запрос
18283,0,Запрос
18284,0,Запрос
18285,0,Запрос
18286,0,Запрос
18287,0,Запрос
18288,0,Запрос
18289,0,Запрос
18290,0,Запрос
18291,0,Запрос
18292,0,Запрос
18293,0,Запрос
18294,0,Запрос
18295,0,Запрос
18296,0,Запрос
18297,0,Запрос
18298,0,Запрос
18299,0,Запрос
18300,0,Запрос
18301,0,Запрос
18302,0,Запрос
18303,0,Запрос
18304,0,Запрос
18305,0,Запрос
18306,0,Запрос
18307,0,Запрос
18308,0,Запрос
18309,0,Запрос
18310,0,Запрос
18311,0,Запрос
18312,0,Запрос
18313,0,Запрос
18314,0,Запрос
18315,0,Запрос
18316,0,Запрос
18317,0,Запрос
18318,0,Запрос
18319,0,Запрос
18320,0,Запрос
18321,0,Запрос
18322,0,Запрос
18323,0,Запрос
18324,0,Запрос
18325,0,Запрос
18326,0,Запрос
18327,0,Запрос
18328,0,Запрос
18329,0,Запрос
18330,0,Запрос
18331,0,Запрос
18332,0,Запрос
18333,0,Запрос
18334,0,Запрос
18335,0,Запрос
18336,0,Запрос
18337,0,Запрос
18338,0,Запрос
18339,0,Запрос
18340,0,Запрос
18341,0,Запрос
18342,0,Запрос
18343,0,Запрос
18344,0,Запрос
18345,0,Запрос
18346,0,Запрос
18347,0,Запрос
18348,0,Запрос
18349,0,Запрос
18350,0,Запрос
18351,0,Запрос
18352,0,Запрос
18353,0,Запрос
18354,0,Запрос
18355,0,Запрос
18356,0,Запрос
18357,0,Запрос
18358,0,Запрос
18359,0,Запрос
18360,0,Запрос
18361,0,Запрос
18362,0,Запрос
18363,0,Запрос
18364,0,Запрос
18365,0,Запрос
18366,0,Запрос
18367,0,Запрос
18368,0,Запрос
18369,0,Запрос
18370,0,Запрос
18371,0,Запрос
18372,0,Запрос
18373,0,Запрос
18374,0,Запрос
18375,0,Запрос
18376,0,Запрос
18377,0,Запрос
18378,0,Запрос
18379,0,Запрос
18380,0,Запрос
18381,0,Запрос
18382,0,Запрос
18383,0,Запрос
18384,0,Запрос
18385,0,Запрос
18386,0,Запрос
18387,0,Запрос
18388,0,Запрос
18389,0,Запрос
18390,0,Запрос
18391,0,Запрос
18392,0,Запрос
18393,0,Запрос
18394,0,Запрос
18395,0,Запрос
18396,0,Запрос
18397,0,Запрос
18398,0,Запрос
18399,0,Запрос
18400,0,Запрос
18401,0,Запрос
18402,0,Запрос
18403,0,Запрос
18404,0,Запрос
18405,0,Запрос
18406,0,Запрос
18407,0,Запрос
18408,0,Запрос
18409,0,Запрос
18410,0,Запрос
18411,0,Запрос
18412,0,Запрос
18413,0,Запрос
18414,0,Запрос
18415,0,Запрос
18416,0,Запрос
18417,0,Запрос
18418,0,Запрос
18419,0,Запрос
18420,0,Запрос
18421,0,Запрос
18422,0,Запрос
18423,0,Запрос
18424,0,Запрос
18425,0,Запрос
18426,0,Запрос
18427,0,Запрос
18428,0,Запрос
18429,0,Запрос
18430,0,Запрос
18431,0,Запрос
18432,0,Запрос
18433,0,Запрос
18434,0,Запрос
18435,0,Запрос
18436,0,Запрос
18437,0,Запрос
18438,0,Запрос
18439,0,Запрос
18440,0,Запрос
18441,0,Запрос
18442,0,Запрос
18443,0,Запрос
18444,0,Запрос
18445,0,Запрос
18446,0,Запрос
18447,0,Запрос
18448,0,Запрос
18449,0,Запрос
18450,0,Запрос
18451,0,Запрос
18452,2,Запрос
18453,0,Запрос
18454,0,Инцидент
18455,0,Запрос
18456,0,Запрос
18457,0,Запрос
18458,0,Запрос
18459,0,Запрос
18460,0,Запрос
18461,0,Запрос
18462,0,Запрос
18463,0,Запрос
18464,0,Запрос
18465,0,Запрос
18466,0,Запрос
18467,0,Запрос
18468,0,Запрос
18469,0,Запрос
18470,0,Запрос
18471,0,Запрос
18472,0,Запрос
18473,0,Запрос
18474,0,Запрос
18475,0,Запрос
18476,0,Запрос
18477,0,Запрос
18478,0,Запрос
18479,0,Запрос
18480,0,Запрос
18481,0,Запрос
18482,0,Запрос
18483,0,Запрос
18484,0,Запрос
18485,0,Запрос
18486,0,Запрос
18487,0,Запрос
18488,0,Запрос
18489,0,Запрос
18490,0,Запрос
18491,0,Запрос
18492,0,Запрос
18493,0,Запрос
18494,0,Запрос
18495,0,Запрос
18496,0,Запрос
18497,0,Запрос
18498,0,Запрос
18499,0,Запрос
18500,0,Запрос
18501,0,Запрос
18502,0,Запрос
18503,0,Запрос
18504,0,Запрос
18505,0,Запрос
18506,0,Запрос
18507,0,Запрос
18508,0,Запрос
18509,0,Запрос
18510,0,Запрос
18511,0,Запрос
18512,0,Запрос
18513,0,Запрос
18514,0,Запрос
18515,0,Запрос
18516,0,Запрос
18517,0,Запрос
18518,0,Запрос
18519,0,Запрос
18520,0,Запрос
18521,0,Запрос
18522,2,Запрос
18523,0,Запрос
18524,0,Инцидент
18525,0,Запрос
18526,0,Запрос
18527,0,Запрос
18528,0,Запрос
18529,0,Запрос
18530,0,Запрос
18531,0,Запрос
18532,0,Запрос
18533,0,Запрос
18534,0,Запрос
18535,2,Запрос
18536,0,Запрос
18537,0,Запрос
18538,0,Запрос
18539,0,Запрос
18540,0,Запрос
18541,0,Запрос
18542,0,Запрос
18543,0,Запрос
18544,0,Запрос
18545,0,Запрос
18546,0,Запрос
18547,0,Запрос
18548,0,Запрос
18549,0,Запрос
18550,0,Запрос
18551,0,Запрос
18552,0,Запрос
18553,0,Запрос
18554,0,Запрос
18555,0,Запрос
18556,0,Запрос
18557,0,Запрос
18558,0,Запрос
18559,0,Запрос
18560,0,Запрос
18561,0,Запрос
18562,0,Запрос
18563,0,Запрос
18564,0,Запрос
18565,0,Запрос
18566,0,Запрос
18567,0,Запрос
18568,0,Запрос
18569,0,Запрос
18570,0,Запрос
18571,0,Запрос
18572,0,Запрос
18573,0,Запрос
18574,0,Запрос
18575,0,Запрос
18576,0,Запрос
18577,0,Запрос
18578,0,Запрос
18579,0,Запрос
18580,0,Запрос
18581,0,Запрос
18582,0,Запрос
18583,0,Запрос
18584,0,Запрос
18585,0,Запрос
18586,0,Запрос
18587,0,Запрос
18588,0,Запрос
18589,0,Запрос
18590,0,Запрос
18591,0,Запрос
18592,0,Запрос
18593,0,Запрос
18594,0,Запрос
18595,0,Запрос
18596,2,Запрос
18597,0,Запрос
18598,0,Запрос
18599,0,Запрос
18600,0,Запрос
18601,0,Запрос
18602,0,Запрос
18603,0,Запрос
18604,0,Запрос
18605,0,Запрос
18606,0,Запрос
18607,0,Запрос
18608,0,Запрос
18609,0,Запрос
18610,0,Запрос
18611,0,Запрос
18612,0,Запрос
18613,0,Запрос
18614,0,Запрос
18615,0,Запрос
18616,0,Запрос
18617,0,Запрос
18618,0,Запрос
18619,0,Запрос
18620,0,Запрос
18621,0,Запрос
18622,0,Запрос
18623,0,Запрос
18624,0,Запрос
18625,0,Запрос
18626,0,Запрос
18627,0,Запрос
18628,0,Запрос
18629,0,Запрос
18630,0,Запрос
18631,0,Запрос
18632,0,Запрос
18633,0,Запрос
18634,0,Запрос
18635,0,Запрос
18636,0,Запрос
18637,0,Запрос
18638,0,Запрос
18639,0,Запрос
18640,0,Запрос
18641,0,Запрос
18642,0,Запрос
18643,0,Запрос
18644,0,Запрос
18645,0,Запрос
18646,0,Запрос
18647,0,Запрос
18648,0,Запрос
18649,0,Запрос
18650,0,Запрос
18651,0,Запрос
18652,0,Запрос
18653,0,Запрос
18654,0,Запрос
18655,0,Запрос
18656,0,Запрос
18657,0,Запрос
18658,0,Запрос
18659,0,Запрос
18660,0,Запрос
18661,0,Запрос
18662,0,Запрос
18663,0,Запрос
18664,0,Запрос
18665,0,Запрос
18666,0,Запрос
18667,0,Запрос
18668,0,Запрос
18669,0,Запрос
18670,0,Запрос
18671,0,Запрос
18672,0,Запрос
18673,0,Запрос
18674,0,Запрос
18675,0,Запрос
18676,0,Запрос
18677,0,Запрос
18678,0,Запрос
18679,0,Запрос
18680,0,Запрос
18681,0,Запрос
18682,0,Запрос
18683,0,Запрос
18684,0,Запрос
18685,0,Запрос
18686,0,Запрос
18687,0,Запрос
18688,0,Запрос
18689,0,Запрос
18690,0,Запрос
18691,0,Запрос
18692,0,Запрос
18693,0,Запрос
18694,0,Запрос
18695,0,Запрос
18696,0,Запрос
18697,0,Запрос
18698,0,Запрос
18699,0,Запрос
18700,0,Запрос
18701,0,Запрос
18702,0,Запрос
18703,0,Запрос
18704,0,Запрос
18705,0,Запрос
18706,0,Запрос
18707,0,Запрос
18708,0,Запрос
18709,0,Запрос
18710,0,Запрос
18711,0,Запрос
18712,0,Запрос
18713,0,Запрос
18714,0,Запрос
18715,0,Запрос
18716,0,Запрос
18717,0,Запрос
18718,0,Запрос
18719,0,Запрос
18720,0,Запрос
18721,0,Запрос
18722,0,Запрос
18723,0,Запрос
18724,2,Запрос
18725,0,Запрос
18726,0,Запрос
18727,0,Запрос
18728,0,Запрос
18729,0,Запрос
18730,0,Запрос
18731,0,Запрос
18732,0,Запрос
18733,0,Запрос
18734,0,Запрос
18735,0,Запрос
18736,0,Запрос
18737,0,Запрос
18738,0,Запрос
18739,0,Запрос
18740,0,Запрос
18741,0,Запрос
18742,0,Запрос
18743,0,Запрос
18744,0,Запрос
18745,0,Запрос
18746,0,Запрос
18747,0,Запрос
18748,0,Запрос
18749,0,Запрос
18750,0,Запрос
18751,0,Запрос
18752,0,Запрос
18753,0,Запрос
18754,0,Запрос
18755,0,Запрос
18756,0,Запрос
18757,0,Запрос
18758,0,Запрос
18759,0,Запрос
18760,0,Запрос
18761,0,Запрос
18762,0,Запрос
18763,0,Запрос
18764,0,Запрос
18765,0,Запрос
18766,0,Запрос
18767,0,Запрос
18768,0,Запрос
18769,0,Запрос
18770,0,Запрос
18771,0,Инцидент
18772,0,Запрос
18773,0,Запрос
18774,0,Запрос
18775,0,Запрос
18776,0,Запрос
18777,0,Запрос
18778,0,Запрос
18779,0,Запрос
18780,0,Запрос
18781,0,Запрос
18782,0,Запрос
18783,0,Запрос
18784,0,Запрос
18785,0,Запрос
18786,0,Запрос
18787,0,Инцидент
18788,2,Запрос
18789,0,Запрос
18790,0,Запрос
18791,0,Запрос
18792,0,Запрос
18793,0,Запрос
18794,0,Запрос
18795,0,Запрос
18796,0,Запрос
18797,0,Запрос
18798,0,Запрос
18799,0,Запрос
18800,0,Запрос
18801,0,Запрос
18802,0,Запрос
18803,0,Запрос
18804,0,Запрос
18805,0,Запрос
18806,0,Запрос
18807,0,Запрос
18808,0,Запрос
18809,0,Запрос
18810,0,Запрос
18811,0,Запрос
18812,0,Запрос
18813,0,Запрос
18814,0,Запрос
18815,0,Запрос
18816,0,Запрос
18817,0,Запрос
18818,0,Запрос
18819,0,Запрос
18820,0,Запрос
18821,0,Запрос
18822,0,Запрос
18823,0,Запрос
18824,0,Запрос
18825,0,Запрос
18826,0,Запрос
18827,0,Запрос
18828,0,Запрос
18829,0,Запрос
18830,0,Запрос
18831,0,Запрос
18832,0,Запрос
18833,0,Запрос
18834,0,Запрос
18835,0,Запрос
18836,0,Запрос
18837,0,Запрос
18838,0,Запрос
18839,0,Запрос
18840,0,Запрос
18841,0,Запрос
18842,0,Запрос
18843,0,Запрос
18844,0,Запрос
18845,0,Запрос
18846,0,Запрос
18847,0,Запрос
18848,0,Запрос
18849,0,Запрос
18850,2,Запрос
18851,0,Запрос
18852,0,Запрос
18853,0,Запрос
18854,0,Запрос
18855,0,Запрос
18856,0,Запрос
18857,0,Запрос
18858,0,Запрос
18859,0,Запрос
18860,0,Запрос
18861,0,Запрос
18862,0,Запрос
18863,0,Запрос
18864,0,Запрос
18865,0,Запрос
18866,0,Запрос
18867,0,Запрос
18868,0,Запрос
18869,0,Запрос
18870,0,Запрос
18871,0,Запрос
18872,0,Запрос
18873,0,Запрос
18874,0,Запрос
18875,0,Запрос
18876,0,Запрос
18877,0,Запрос
18878,0,Запрос
18879,0,Запрос
18880,0,Запрос
18881,0,Запрос
18882,0,Запрос
18883,0,Запрос
18884,0,Запрос
18885,2,Запрос
18886,0,Запрос
18887,0,Запрос
18888,0,Запрос
18889,0,Запрос
18890,0,Запрос
18891,0,Запрос
18892,0,Запрос
18893,0,Запрос
18894,0,Запрос
18895,0,Запрос
18896,0,Запрос
18897,0,Запрос
18898,0,Запрос
18899,0,Запрос
18900,0,Запрос
18901,0,Запрос
18902,0,Запрос
18903,0,Запрос
18904,0,Запрос
18905,0,Запрос
18906,0,Запрос
18907,0,Запрос
18908,0,Запрос
18909,0,Запрос
18910,0,Запрос
18911,0,Запрос
18912,0,Запрос
18913,0,Запрос
18914,0,Запрос
18915,0,Запрос
18916,0,Запрос
18917,0,Запрос
18918,0,Запрос
18919,0,Запрос
18920,0,Запрос
18921,0,Запрос
18922,0,Запрос
18923,0,Запрос
18924,0,Запрос
18925,0,Запрос
18926,0,Запрос
18927,0,Запрос
18928,0,Запрос
18929,0,Запрос
18930,0,Запрос
18931,0,Запрос
18932,0,Запрос
18933,0,Запрос
18934,0,Запрос
18935,0,Запрос
18936,0,Запрос
18937,0,Запрос
18938,0,Запрос
18939,0,Запрос
18940,0,Запрос
18941,0,Запрос
18942,0,Запрос
18943,0,Запрос
18944,0,Запрос
18945,0,Запрос
18946,0,Запрос
18947,0,Запрос
18948,0,Запрос
18949,0,Запрос
18950,0,Запрос
18951,0,Запрос
18952,0,Запрос
18953,0,Запрос
18954,0,Запрос
18955,0,Запрос
18956,0,Запрос
18957,0,Запрос
18958,0,Запрос
18959,0,Запрос
18960,0,Запрос
18961,0,Запрос
18962,0,Запрос
18963,0,Запрос
18964,0,Запрос
18965,0,Запрос
18966,0,Запрос
18967,0,Запрос
18968,0,Запрос
18969,0,Запрос
18970,0,Запрос
18971,0,Инцидент
18972,0,Запрос
18973,0,Запрос
18974,0,Запрос
18975,0,Запрос
18976,0,Запрос
18977,0,Запрос
18978,0,Запрос
18979,0,Запрос
18980,0,Запрос
18981,0,Запрос
18982,0,Запрос
18983,0,Запрос
18984,0,Запрос
18985,0,Запрос
18986,0,Запрос
18987,0,Запрос
18988,0,Запрос
18989,0,Запрос
18990,0,Запрос
18991,0,Запрос
18992,0,Запрос
18993,0,Запрос
18994,0,Запрос
18995,0,Запрос
18996,0,Запрос
18997,0,Запрос
18998,0,Запрос
18999,0,Запрос
19000,0,Запрос
19001,0,Запрос
19002,0,Запрос
19003,0,Запрос
19004,0,Запрос
19005,0,Запрос
19006,0,Запрос
19007,0,Запрос
19008,0,Запрос
19009,0,Запрос
19010,0,Запрос
19011,0,Запрос
19012,0,Запрос
19013,0,Запрос
19014,0,Запрос
19015,0,Запрос
19016,0,Запрос
19017,2,Запрос
19018,0,Запрос
19019,0,Запрос
19020,0,Запрос
19021,0,Запрос
19022,0,Запрос
19023,0,Запрос
19024,0,Запрос
19025,0,Запрос
19026,0,Запрос
19027,0,Запрос
19028,0,Запрос
19029,0,Запрос
19030,0,Запрос
19031,0,Запрос
19032,0,Запрос
19033,0,Запрос
19034,0,Запрос
19035,0,Запрос
19036,0,Запрос
19037,0,Запрос
19038,0,Запрос
19039,0,Запрос
19040,0,Запрос
19041,0,Запрос
19042,0,Запрос
19043,0,Запрос
19044,0,Запрос
19045,0,Запрос
19046,0,Запрос
19047,0,Запрос
19048,0,Запрос
19049,0,Запрос
19050,0,Запрос
19051,0,Запрос
19052,0,Запрос
19053,0,Запрос
19054,0,Запрос
19055,0,Запрос
19056,0,Запрос
19057,0,Запрос
19058,0,Запрос
19059,0,Запрос
19060,0,Запрос
19061,0,Запрос
19062,0,Запрос
19063,0,Запрос
19064,0,Запрос
19065,0,Запрос
19066,0,Запрос
19067,0,Запрос
19068,0,Запрос
19069,0,Запрос
19070,0,Запрос
19071,0,Запрос
19072,0,Запрос
19073,0,Запрос
19074,0,Запрос
19075,0,Запрос
19076,0,Запрос
19077,0,Запрос
19078,0,Запрос
19079,0,Запрос
19080,0,Запрос
19081,0,Запрос
19082,0,Запрос
19083,0,Запрос
19084,0,Запрос
19085,0,Запрос
19086,0,Запрос
19087,0,Запрос
19088,0,Запрос
19089,0,Запрос
19090,0,Запрос
19091,0,Запрос
19092,0,Запрос
19093,0,Запрос
19094,0,Запрос
19095,0,Запрос
19096,0,Запрос
19097,0,Запрос
19098,0,Запрос
19099,0,Запрос
19100,0,Запрос
19101,0,Запрос
19102,0,Запрос
19103,0,Запрос
19104,0,Запрос
19105,0,Запрос
19106,0,Запрос
19107,0,Запрос
19108,0,Запрос
19109,0,Инцидент
19110,0,Запрос
19111,0,Запрос
19112,0,Запрос
19113,0,Запрос
19114,0,Запрос
19115,0,Запрос
19116,0,Запрос
19117,0,Запрос
19118,0,Запрос
19119,0,Запрос
19120,0,Запрос
19121,0,Запрос
19122,0,Запрос
19123,0,Запрос
19124,0,Запрос
19125,0,Запрос
19126,0,Запрос
19127,0,Запрос
19128,0,Запрос
19129,0,Запрос
19130,0,Запрос
19131,0,Запрос
19132,0,Запрос
19133,0,Запрос
19134,0,Запрос
19135,0,Запрос
19136,0,Запрос
19137,0,Запрос
19138,0,Запрос
19139,0,Запрос
19140,0,Запрос
19141,0,Запрос
19142,0,Запрос
19143,0,Запрос
19144,0,Запрос
19145,0,Запрос
19146,0,Запрос
19147,0,Запрос
19148,0,Запрос
19149,0,Запрос
19150,0,Запрос
19151,0,Запрос
19152,0,Запрос
19153,0,Запрос
19154,0,Запрос
19155,0,Запрос
19156,0,Запрос
19157,0,Запрос
19158,0,Запрос
19159,0,Запрос
19160,0,Запрос
19161,0,Запрос
19162,0,Запрос
19163,0,Запрос
19164,0,Запрос
19165,0,Запрос
19166,0,Запрос
19167,0,Запрос
19168,0,Запрос
19169,0,Запрос
19170,0,Запрос
19171,0,Запрос
19172,0,Запрос
19173,0,Запрос
19174,0,Запрос
19175,0,Запрос
19176,0,Запрос
19177,0,Запрос
19178,0,Запрос
19179,0,Запрос
19180,0,Запрос
19181,0,Запрос
19182,0,Запрос
19183,0,Запрос
19184,0,Запрос
19185,0,Запрос
19186,0,Запрос
19187,0,Запрос
19188,0,Запрос
19189,0,Запрос
19190,0,Запрос
19191,0,Запрос
19192,0,Запрос
19193,0,Запрос
19194,0,Запрос
19195,0,Запрос
19196,0,Запрос
19197,0,Запрос
19198,0,Запрос
19199,0,Запрос
19200,0,Запрос
19201,0,Запрос
19202,0,Запрос
19203,0,Запрос
19204,0,Запрос
19205,0,Запрос
19206,0,Запрос
19207,0,Запрос
19208,0,Запрос
19209,0,Запрос
19210,0,Запрос
19211,0,Запрос
19212,0,Запрос
19213,0,Запрос
19214,0,Запрос
19215,0,Запрос
19216,0,Запрос
19217,0,Запрос
19218,0,Запрос
19219,0,Запрос
19220,0,Запрос
19221,0,Запрос
19222,0,Запрос
19223,0,Запрос
19224,0,Запрос
19225,0,Запрос
19226,0,Запрос
19227,0,Запрос
19228,0,Запрос
19229,0,Запрос
19230,0,Запрос
19231,0,Запрос
19232,0,Запрос
19233,0,Запрос
19234,0,Запрос
19235,0,Запрос
19236,0,Запрос
19237,0,Запрос
19238,0,Запрос
19239,0,Запрос
19240,0,Запрос
19241,0,Запрос
19242,0,Запрос
19243,0,Запрос
19244,0,Запрос
19245,0,Запрос
19246,0,Запрос
19247,0,Запрос
19248,0,Запрос
19249,0,Запрос
19250,0,Запрос
19251,0,Запрос
19252,0,Запрос
19253,0,Запрос
19254,0,Запрос
19255,0,Запрос
19256,0,Запрос
19257,0,Запрос
19258,0,Запрос
19259,0,Запрос
19260,0,Запрос
19261,0,Запрос
19262,0,Запрос
19263,0,Запрос
19264,0,Запрос
19265,0,Запрос
19266,0,Запрос
19267,0,Запрос
19268,0,Запрос
19269,0,Запрос
19270,0,Запрос
19271,0,Запрос
19272,0,Запрос
19273,0,Запрос
19274,0,Запрос
19275,0,Запрос
19276,0,Запрос
19277,0,Запрос
19278,0,Запрос
19279,0,Запрос
19280,0,Запрос
19281,0,Запрос
19282,0,Запрос
19283,0,Запрос
19284,0,Запрос
19285,0,Запрос
19286,0,Запрос
19287,0,Запрос
19288,0,Запрос
19289,0,Запрос
19290,0,Запрос
19291,0,Запрос
19292,0,Запрос
19293,0,Запрос
19294,0,Запрос
19295,0,Запрос
19296,0,Запрос
19297,0,Запрос
19298,0,Запрос
19299,0,Запрос
19300,0,Запрос
19301,0,Запрос
19302,0,Запрос
19303,0,Запрос
19304,0,Запрос
19305,0,Запрос
19306,0,Запрос
19307,0,Запрос
19308,0,Запрос
19309,0,Запрос
19310,0,Запрос
19311,0,Запрос
19312,0,Запрос
19313,0,Запрос
19314,0,Запрос
19315,0,Запрос
19316,0,Запрос
19317,0,Запрос
19318,0,Запрос
19319,0,Запрос
19320,0,Запрос
19321,0,Запрос
19322,0,Запрос
19323,0,Запрос
19324,0,Запрос
19325,0,Запрос
19326,0,Запрос
19327,0,Запрос
19328,0,Запрос
19329,0,Запрос
19330,0,Запрос
19331,0,Запрос
19332,0,Запрос
19333,0,Запрос
19334,2,Запрос
19335,0,Запрос
19336,0,Запрос
19337,0,Запрос
19338,0,Запрос
19339,0,Запрос
19340,0,Запрос
19341,0,Запрос
19342,0,Запрос
19343,0,Запрос
19344,0,Запрос
19345,0,Запрос
19346,0,Запрос
19347,0,Запрос
19348,0,Запрос
19349,0,Запрос
19350,0,Запрос
19351,0,Запрос
19352,0,Запрос
19353,0,Запрос
19354,0,Запрос
19355,0,Запрос
19356,0,Запрос
19357,0,Запрос
19358,0,Запрос
19359,0,Запрос
19360,0,Запрос
19361,0,Запрос
19362,0,Запрос
19363,0,Запрос
19364,0,Запрос
19365,0,Запрос
19366,0,Запрос
19367,0,Запрос
19368,0,Запрос
19369,0,Запрос
19370,0,Запрос
19371,0,Запрос
19372,0,Запрос
19373,0,Запрос
19374,0,Запрос
19375,0,Запрос
19376,0,Запрос
19377,0,Запрос
19378,0,Запрос
19379,0,Запрос
19380,0,Запрос
19381,0,Запрос
19382,0,Запрос
19383,0,Запрос
19384,0,Запрос
19385,0,Запрос
19386,0,Запрос
19387,0,Запрос
19388,0,Запрос
19389,0,Запрос
19390,0,Запрос
19391,0,Запрос
19392,0,Запрос
19393,0,Запрос
19394,0,Запрос
19395,0,Запрос
19396,0,Запрос
19397,0,Запрос
19398,0,Запрос
19399,0,Запрос
19400,0,Запрос
19401,0,Запрос
19402,0,Запрос
19403,0,Запрос
19404,0,Запрос
19405,0,Запрос
19406,0,Запрос
19407,0,Запрос
19408,0,Запрос
19409,0,Запрос
19410,0,Запрос
19411,0,Запрос
19412,0,Запрос
19413,0,Запрос
19414,0,Запрос
19415,0,Запрос
19416,0,Запрос
19417,0,Запрос
19418,0,Запрос
19419,0,Запрос
19420,0,Запрос
19421,0,Запрос
19422,0,Запрос
19423,0,Запрос
19424,0,Запрос
19425,0,Запрос
19426,0,Запрос
19427,0,Запрос
19428,0,Запрос
19429,0,Запрос
19430,0,Запрос
19431,0,Запрос
19432,0,Запрос
19433,0,Запрос
19434,0,Запрос
19435,0,Запрос
19436,0,Запрос
19437,0,Запрос
19438,0,Запрос
19439,0,Запрос
19440,0,Запрос
19441,0,Запрос
19442,0,Запрос
19443,0,Запрос
19444,0,Запрос
19445,0,Запрос
19446,0,Запрос
19447,0,Запрос
19448,0,Запрос
19449,0,Запрос
19450,0,Запрос
19451,0,Запрос
19452,0,Запрос
19453,0,Запрос
19454,0,Запрос
19455,0,Запрос
19456,0,Запрос
19457,0,Запрос
19458,0,Запрос
19459,0,Запрос
19460,0,Запрос
19461,0,Запрос
19462,0,Запрос
19463,0,Запрос
19464,0,Запрос
19465,0,Запрос
19466,0,Запрос
19467,0,Запрос
19468,0,Запрос
19469,0,Запрос
19470,0,Запрос
19471,0,Запрос
19472,0,Запрос
19473,0,Запрос
19474,0,Запрос
19475,0,Запрос
19476,0,Запрос
19477,0,Запрос
19478,0,Запрос
19479,0,Запрос
19480,0,Запрос
19481,0,Запрос
19482,0,Запрос
19483,0,Запрос
19484,0,Запрос
19485,0,Запрос
19486,0,Запрос
19487,0,Запрос
19488,0,Запрос
19489,0,Запрос
19490,0,Запрос
19491,0,Запрос
19492,0,Запрос
19493,0,Запрос
19494,0,Запрос
19495,0,Запрос
19496,2,Запрос
19497,0,Запрос
19498,0,Запрос
19499,0,Запрос
19500,0,Запрос
19501,0,Запрос
19502,0,Запрос
19503,0,Запрос
19504,0,Запрос
19505,0,Запрос
19506,0,Инцидент
19507,0,Запрос
19508,0,Запрос
19509,0,Запрос
19510,0,Запрос
19511,0,Запрос
19512,0,Запрос
19513,0,Запрос
19514,0,Запрос
19515,0,Запрос
19516,0,Запрос
19517,0,Запрос
19518,0,Запрос
19519,0,Запрос
19520,0,Запрос
19521,0,Запрос
19522,0,Запрос
19523,0,Запрос
19524,0,Запрос
19525,0,Запрос
19526,0,Запрос
19527,0,Запрос
19528,0,Запрос
19529,0,Запрос
19530,0,Запрос
19531,0,Запрос
19532,0,Запрос
19533,0,Запрос
19534,0,Запрос
19535,0,Запрос
19536,0,Запрос
19537,0,Запрос
19538,0,Запрос
19539,0,Запрос
19540,0,Запрос
19541,0,Запрос
19542,0,Запрос
19543,0,Запрос
19544,0,Запрос
19545,0,Запрос
19546,0,Запрос
19547,0,Запрос
19548,0,Запрос
19549,0,Запрос
19550,0,Запрос
19551,0,Запрос
19552,0,Инцидент
19553,0,Запрос
19554,0,Запрос
19555,0,Запрос
19556,0,Запрос
19557,0,Запрос
19558,0,Запрос
19559,0,Запрос
19560,0,Запрос
19561,0,Запрос
19562,0,Запрос
19563,0,Запрос
19564,0,Запрос
19565,0,Запрос
19566,0,Запрос
19567,0,Запрос
19568,0,Запрос
19569,0,Запрос
19570,0,Запрос
19571,0,Запрос
19572,0,Запрос
19573,0,Запрос
19574,0,Запрос
19575,0,Запрос
19576,0,Запрос
19577,0,Запрос
19578,0,Инцидент
19579,0,Запрос
19580,0,Запрос
19581,0,Запрос
19582,0,Запрос
19583,0,Запрос
19584,0,Запрос
19585,0,Запрос
19586,0,Запрос
19587,0,Запрос
19588,0,Запрос
19589,0,Запрос
19590,0,Запрос
19591,0,Запрос
19592,0,Запрос
19593,0,Запрос
19594,0,Запрос
19595,0,Запрос
19596,0,Запрос
19597,0,Запрос
19598,0,Инцидент
19599,0,Запрос
19600,0,Запрос
19601,0,Запрос
19602,0,Запрос
19603,0,Запрос
19604,0,Запрос
19605,0,Запрос
19606,0,Запрос
19607,0,Запрос
19608,0,Запрос
19609,0,Запрос
19610,0,Запрос
19611,0,Запрос
19612,0,Запрос
19613,0,Запрос
19614,0,Запрос
19615,0,Запрос
19616,0,Запрос
19617,0,Запрос
19618,0,Запрос
19619,0,Запрос
19620,0,Запрос
19621,0,Запрос
19622,0,Запрос
19623,0,Запрос
19624,0,Запрос
19625,0,Запрос
19626,0,Запрос
19627,0,Запрос
19628,0,Запрос
19629,0,Запрос
19630,0,Запрос
19631,0,Запрос
19632,0,Запрос
19633,0,Запрос
19634,0,Запрос
19635,0,Запрос
19636,0,Запрос
19637,0,Запрос
19638,0,Запрос
19639,0,Запрос
19640,0,Запрос
19641,0,Запрос
19642,0,Запрос
19643,0,Запрос
19644,0,Запрос
19645,0,Запрос
19646,0,Запрос
19647,0,Запрос
19648,0,Запрос
19649,0,Запрос
19650,0,Запрос
19651,0,Запрос
19652,0,Запрос
19653,0,Запрос
19654,0,Запрос
19655,0,Запрос
19656,0,Запрос
19657,0,Запрос
19658,0,Запрос
19659,0,Запрос
19660,0,Запрос
19661,0,Запрос
19662,0,Запрос
19663,0,Запрос
19664,0,Запрос
19665,0,Запрос
19666,0,Запрос
19667,0,Запрос
19668,0,Инцидент
19669,0,Запрос
19670,0,Запрос
19671,0,Инцидент
19672,0,Запрос
19673,0,Инцидент
19674,0,Запрос
19675,0,Инцидент
19676,0,Запрос
19677,0,Запрос
19678,0,Инцидент
19679,0,Запрос
19680,0,Запрос
19681,0,Запрос
19682,0,Запрос
19683,0,Запрос
19684,0,Запрос
19685,0,Запрос
19686,0,Запрос
19687,0,Запрос
19688,0,Запрос
19689,0,Запрос
19690,0,Запрос
19691,0,Запрос
19692,0,Запрос
19693,0,Запрос
19694,0,Запрос
19695,0,Запрос
19696,0,Запрос
19697,0,Запрос
19698,0,Запрос
19699,0,Запрос
19700,0,Запрос
19701,0,Запрос
19702,0,Запрос
19703,0,Запрос
19704,0,Запрос
19705,0,Запрос
19706,0,Запрос
19707,0,Запрос
19708,0,Запрос
19709,0,Запрос
19710,0,Запрос
19711,0,Запрос
19712,0,Запрос
19713,0,Запрос
19714,0,Запрос
19715,0,Запрос
19716,0,Запрос
19717,0,Запрос
19718,0,Запрос
19719,0,Запрос
19720,0,Запрос
19721,0,Запрос
19722,0,Запрос
19723,0,Запрос
19724,0,Запрос
19725,0,Запрос
19726,0,Запрос
19727,0,Запрос
19728,0,Запрос
19729,0,Запрос
19730,0,Запрос
19731,0,Запрос
19732,0,Запрос
19733,0,Запрос
19734,0,Запрос
19735,0,Запрос
19736,0,Запрос
19737,2,Запрос
19738,0,Запрос
19739,0,Запрос
19740,0,Запрос
19741,0,Запрос
19742,0,Запрос
19743,0,Запрос
19744,0,Запрос
19745,0,Запрос
19746,0,Запрос
19747,0,Запрос
19748,0,Запрос
19749,0,Запрос
19750,0,Запрос
19751,0,Запрос
19752,0,Запрос
19753,0,Запрос
19754,0,Запрос
19755,0,Запрос
19756,0,Запрос
19757,0,Запрос
19758,0,Запрос
19759,0,Запрос
19760,0,Запрос
19761,2,Запрос
19762,0,Запрос
19763,0,Запрос
19764,0,Запрос
19765,0,Запрос
19766,0,Запрос
19767,0,Запрос
19768,0,Запрос
19769,0,Запрос
19770,0,Запрос
19771,0,Запрос
19772,0,Запрос
19773,0,Запрос
19774,0,Запрос
19775,0,Запрос
19776,0,Запрос
19777,0,Запрос
19778,0,Запрос
19779,0,Запрос
19780,0,Запрос
19781,0,Запрос
19782,0,Запрос
19783,0,Запрос
19784,0,Запрос
19785,0,Запрос
19786,0,Запрос
19787,0,Запрос
19788,0,Запрос
19789,0,Запрос
19790,0,Запрос
19791,0,Запрос
19792,0,Запрос
19793,0,Запрос
19794,0,Запрос
19795,0,Запрос
19796,0,Запрос
19797,0,Запрос
19798,0,Запрос
19799,0,Запрос
19800,0,Запрос
19801,0,Запрос
19802,0,Запрос
19803,0,Запрос
19804,0,Запрос
19805,0,Запрос
19806,0,Запрос
19807,0,Запрос
19808,0,Запрос
19809,0,Запрос
19810,0,Запрос
19811,0,Запрос
19812,0,Запрос
19813,0,Запрос
19814,0,Запрос
19815,0,Запрос
19816,0,Запрос
19817,0,Запрос
19818,0,Запрос
19819,0,Запрос
19820,0,Запрос
19821,0,Запрос
19822,0,Запрос
19823,0,Запрос
19824,0,Запрос
19825,0,Запрос
19826,0,Запрос
19827,0,Запрос
19828,0,Запрос
19829,0,Запрос
19830,0,Запрос
19831,0,Запрос
19832,0,Запрос
19833,0,Запрос
19834,0,Запрос
19835,0,Запрос
19836,0,Запрос
19837,0,Запрос
19838,0,Запрос
19839,0,Запрос
19840,0,Запрос
19841,0,Запрос
19842,0,Запрос
19843,0,Запрос
19844,0,Запрос
19845,0,Запрос
19846,0,Запрос
19847,0,Запрос
19848,0,Запрос
19849,0,Запрос
19850,0,Запрос
19851,0,Запрос
19852,0,Запрос
19853,0,Запрос
19854,0,Запрос
19855,0,Инцидент
19856,0,Запрос
19857,0,Запрос
19858,0,Запрос
19859,0,Запрос
19860,0,Запрос
19861,0,Запрос
19862,0,Запрос
19863,0,Запрос
19864,0,Запрос
19865,0,Запрос
19866,0,Запрос
19867,0,Запрос
19868,0,Запрос
19869,0,Запрос
19870,0,Запрос
19871,0,Запрос
19872,0,Запрос
19873,0,Запрос
19874,0,Запрос
19875,0,Запрос
19876,0,Запрос
19877,0,Запрос
19878,0,Запрос
19879,0,Запрос
19880,0,Запрос
19881,0,Запрос
19882,0,Запрос
19883,0,Запрос
19884,0,Запрос
19885,0,Запрос
19886,0,Запрос
19887,0,Запрос
19888,0,Запрос
19889,0,Запрос
19890,0,Запрос
19891,0,Запрос
19892,0,Запрос
19893,0,Запрос
19894,0,Запрос
19895,0,Запрос
19896,0,Запрос
19897,0,Запрос
19898,0,Запрос
19899,0,Запрос
19900,0,Запрос
19901,0,Запрос
19902,0,Запрос
19903,0,Запрос
19904,0,Запрос
19905,0,Запрос
19906,0,Запрос
19907,0,Запрос
19908,0,Запрос
19909,0,Запрос
19910,0,Запрос
19911,0,Запрос
19912,0,Запрос
19913,0,Запрос
19914,0,Запрос
19915,0,Запрос
19916,0,Запрос
19917,0,Запрос
19918,0,Запрос
19919,0,Запрос
19920,0,Запрос
19921,0,Запрос
19922,2,Запрос
19923,0,Запрос
19924,0,Запрос
19925,0,Запрос
19926,0,Запрос
19927,2,Запрос
19928,0,Запрос
19929,0,Запрос
19930,0,Запрос
19931,0,Запрос
19932,0,Запрос
19933,0,Запрос
19934,0,Запрос
19935,0,Запрос
19936,0,Запрос
19937,0,Запрос
19938,0,Запрос
19939,0,Запрос
19940,0,Запрос
19941,0,Запрос
19942,0,Запрос
19943,0,Запрос
19944,0,Запрос
19945,0,Запрос
19946,0,Запрос
19947,0,Запрос
19948,0,Запрос
19949,0,Запрос
19950,0,Запрос
19951,0,Запрос
19952,0,Запрос
19953,0,Запрос
19954,0,Запрос
19955,0,Запрос
19956,0,Запрос
19957,0,Запрос
19958,0,Запрос
19959,0,Запрос
19960,0,Запрос
19961,0,Запрос
19962,0,Запрос
19963,0,Запрос
19964,0,Запрос
19965,0,Запрос
19966,0,Запрос
19967,0,Запрос
19968,0,Запрос
19969,0,Запрос
19970,0,Запрос
19971,0,Запрос
19972,0,Запрос
19973,0,Запрос
19974,0,Запрос
19975,0,Запрос
19976,0,Запрос
19977,0,Запрос
19978,0,Запрос
19979,0,Запрос
19980,0,Запрос
19981,0,Запрос
19982,0,Запрос
19983,0,Запрос
19984,0,Запрос
19985,0,Запрос
19986,0,Запрос
19987,0,Запрос
19988,0,Запрос
19989,0,Запрос
19990,0,Запрос
19991,0,Запрос
19992,0,Запрос
19993,0,Запрос
19994,0,Запрос
19995,0,Запрос
19996,0,Запрос
19997,0,Запрос
19998,0,Запрос
19999,0,Запрос
20000,0,Запрос
20001,0,Запрос
20002,0,Запрос
20003,0,Запрос
20004,0,Запрос
20005,0,Запрос
20006,0,Запрос
20007,0,Запрос
20008,0,Запрос
20009,0,Запрос
20010,0,Запрос
20011,0,Запрос
20012,0,Запрос
20013,0,Запрос
20014,0,Запрос
20015,0,Запрос
20016,0,Запрос
20017,0,Запрос
20018,0,Запрос
20019,0,Запрос
20020,0,Запрос
20021,0,Запрос
20022,0,Запрос
20023,0,Запрос
20024,0,Запрос
20025,0,Запрос
20026,0,Запрос
20027,0,Запрос
20028,0,Запрос
20029,0,Запрос
20030,0,Запрос
20031,0,Запрос
20032,0,Запрос
20033,0,Запрос
20034,0,Запрос
20035,0,Запрос
20036,0,Запрос
20037,0,Запрос
20038,0,Запрос
20039,0,Запрос
20040,0,Запрос
20041,0,Запрос
20042,0,Запрос
20043,0,Запрос
20044,0,Запрос
20045,0,Запрос
20046,0,Запрос
20047,0,Запрос
20048,0,Запрос
20049,0,Запрос
20050,0,Запрос
20051,0,Запрос
20052,0,Запрос
20053,0,Запрос
20054,0,Запрос
20055,0,Запрос
20056,0,Запрос
20057,0,Запрос
20058,0,Запрос
20059,0,Запрос
20060,0,Запрос
20061,0,Запрос
20062,0,Запрос
20063,0,Запрос
20064,0,Запрос
20065,0,Запрос
20066,0,Запрос
20067,0,Запрос
20068,0,Запрос
20069,0,Запрос
20070,0,Запрос
20071,0,Запрос
20072,0,Запрос
20073,0,Запрос
20074,0,Запрос
20075,0,Запрос
20076,0,Запрос
20077,0,Инцидент
20078,0,Запрос
20079,0,Запрос
20080,0,Запрос
20081,0,Запрос
20082,0,Запрос
20083,0,Запрос
20084,0,Запрос
20085,0,Запрос
20086,0,Запрос
20087,0,Запрос
20088,0,Запрос
20089,0,Запрос
20090,0,Запрос
20091,0,Запрос
20092,0,Запрос
20093,0,Запрос
20094,0,Запрос
20095,0,Запрос
20096,0,Запрос
20097,0,Запрос
20098,0,Запрос
20099,0,Запрос
20100,0,Запрос
20101,0,Запрос
20102,0,Запрос
20103,0,Запрос
20104,0,Запрос
20105,0,Запрос
20106,0,Запрос
20107,0,Запрос
20108,0,Запрос
20109,0,Запрос
20110,0,Запрос
20111,0,Запрос
20112,0,Запрос
20113,0,Запрос
20114,2,Запрос
20115,0,Запрос
20116,0,Запрос
20117,0,Запрос
20118,0,Запрос
20119,0,Запрос
20120,0,Запрос
20121,0,Запрос
20122,0,Запрос
20123,0,Запрос
20124,0,Запрос
20125,0,Запрос
20126,0,Запрос
20127,0,Запрос
20128,0,Запрос
20129,0,Запрос
20130,0,Запрос
20131,0,Запрос
20132,0,Запрос
20133,0,Запрос
20134,0,Запрос
20135,0,Запрос
20136,0,Запрос
20137,0,Запрос
20138,0,Запрос
20139,0,Запрос
20140,0,Запрос
20141,0,Запрос
20142,0,Запрос
20143,0,Запрос
20144,0,Запрос
20145,0,Запрос
20146,0,Запрос
20147,0,Запрос
20148,0,Запрос
20149,0,Инцидент
20150,0,Запрос
20151,0,Запрос
20152,2,Запрос
20153,0,Запрос
20154,0,Запрос
20155,0,Запрос
20156,0,Запрос
20157,0,Запрос
20158,0,Запрос
20159,0,Запрос
20160,0,Запрос
20161,0,Запрос
20162,0,Запрос
20163,0,Запрос
20164,0,Запрос
20165,0,Запрос
20166,0,Запрос
20167,0,Запрос
20168,0,Запрос
20169,0,Запрос
20170,0,Запрос
20171,0,Запрос
20172,0,Запрос
20173,0,Запрос
20174,0,Запрос
20175,0,Запрос
20176,0,Запрос
20177,0,Запрос
20178,0,Запрос
20179,0,Запрос
20180,0,Запрос
20181,0,Запрос
20182,0,Запрос
20183,0,Запрос
20184,0,Запрос
20185,0,Запрос
20186,0,Запрос
20187,0,Запрос
20188,0,Запрос
20189,0,Запрос
20190,0,Запрос
20191,0,Запрос
20192,0,Запрос
20193,0,Запрос
20194,0,Запрос
20195,0,Запрос
20196,0,Запрос
20197,0,Запрос
20198,0,Запрос
20199,0,Запрос
20200,0,Запрос
20201,0,Запрос
20202,0,Запрос
20203,0,Запрос
20204,0,Запрос
20205,0,Запрос
20206,0,Запрос
20207,0,Запрос
20208,0,Запрос
20209,0,Запрос
20210,0,Запрос
20211,0,Запрос
20212,0,Запрос
20213,0,Запрос
20214,0,Запрос
20215,0,Запрос
20216,0,Запрос
20217,0,Запрос
20218,0,Запрос
20219,0,Запрос
20220,0,Запрос
20221,0,Запрос
20222,0,Запрос
20223,0,Запрос
20224,0,Запрос
20225,0,Запрос
20226,0,Запрос
20227,0,Запрос
20228,0,Запрос
20229,0,Запрос
20230,0,Запрос
20231,0,Запрос
20232,0,Запрос
20233,0,Запрос
20234,0,Запрос
20235,0,Запрос
20236,0,Запрос
20237,0,Запрос
20238,0,Запрос
20239,0,Запрос
20240,0,Запрос
20241,0,Запрос
20242,0,Запрос
20243,0,Запрос
20244,0,Запрос
20245,0,Запрос
20246,0,Запрос
20247,0,Запрос
20248,0,Запрос
20249,0,Запрос
20250,0,Запрос
20251,0,Запрос
20252,0,Запрос
20253,0,Запрос
20254,0,Запрос
20255,0,Запрос
20256,0,Запрос
20257,0,Запрос
20258,0,Запрос
20259,0,Запрос
20260,0,Запрос
20261,2,Запрос
20262,0,Запрос
20263,0,Запрос
20264,0,Запрос
20265,0,Запрос
20266,0,Запрос
20267,0,Запрос
20268,0,Запрос
20269,0,Запрос
20270,0,Запрос
20271,0,Запрос
20272,0,Запрос
20273,0,Запрос
20274,0,Запрос
20275,0,Запрос
20276,0,Запрос
20277,0,Запрос
20278,0,Запрос
20279,0,Запрос
20280,0,Запрос
20281,0,Запрос
20282,0,Запрос
20283,0,Запрос
20284,0,Запрос
20285,0,Запрос
20286,0,Запрос
20287,0,Запрос
20288,0,Запрос
20289,0,Запрос
20290,0,Запрос
20291,0,Запрос
20292,2,Запрос
20293,0,Запрос
20294,0,Запрос
20295,0,Запрос
20296,0,Запрос
20297,0,Инцидент
20298,0,Запрос
20299,0,Запрос
20300,0,Запрос
20301,0,Запрос
20302,0,Запрос
20303,0,Запрос
20304,0,Запрос
20305,0,Запрос
20306,0,Запрос
20307,0,Запрос
20308,0,Запрос
20309,0,Запрос
20310,0,Запрос
20311,0,Запрос
20312,0,Запрос
20313,0,Запрос
20314,0,Инцидент
20315,0,Запрос
20316,0,Запрос
20317,0,Запрос
20318,0,Запрос
20319,0,Запрос
20320,0,Запрос
20321,0,Запрос
20322,0,Запрос
20323,0,Запрос
20324,0,Запрос
20325,0,Запрос
20326,0,Запрос
20327,0,Запрос
20328,0,Запрос
20329,2,Запрос
20330,0,Запрос
20331,2,Запрос
20332,2,Запрос
20333,2,Запрос
20334,2,Запрос
20335,2,Запрос
20336,2,Запрос
20337,2,Запрос
20338,2,Запрос
20339,2,Запрос
20340,2,Запрос
20341,2,Запрос
20342,2,Запрос
20343,2,Запрос
20344,2,Запрос
20345,2,Запрос
20346,2,Запрос
20347,2,Запрос
20348,2,Запрос
20349,2,Запрос
20350,2,Запрос
20351,2,Запрос
20352,2,Запрос
20353,2,Запрос
20354,2,Запрос
20355,2,Запрос
20356,2,Запрос
20357,2,Запрос
20358,2,Запрос
20359,2,Запрос
20360,2,Запрос
20361,2,Запрос
20362,2,Запрос
20363,2,Запрос
20364,2,Запрос
20365,0,Запрос
20366,2,Запрос
20367,2,Запрос
20368,0,Запрос
20369,2,Запрос
20370,2,Запрос
20371,2,Запрос
20372,2,Запрос
20373,2,Запрос
20374,2,Запрос
20375,2,Запрос
20376,2,Запрос
20377,2,Запрос
20378,0,Запрос
20379,2,Запрос
20380,2,Запрос
20381,2,Запрос
20382,2,Запрос
20383,2,Запрос
20384,2,Запрос
20385,2,Запрос
20386,0,Запрос
20387,2,Запрос
20388,2,Запрос
20389,0,Запрос
20390,2,Запрос
20391,0,Запрос
20392,2,Запрос
20393,2,Запрос
20394,0,Запрос
20395,0,Запрос
20396,2,Запрос
20397,0,Запрос
20398,2,Запрос
20399,0,Запрос
20400,2,Запрос
20401,2,Запрос
20402,2,Запрос
20403,2,Запрос
20404,0,Запрос
20405,2,Запрос
20406,0,Запрос
20407,2,Запрос
20408,0,Запрос
20409,2,Запрос
20410,0,Запрос
20411,2,Запрос
20412,2,Запрос
20413,0,Запрос
20414,0,Запрос
20415,0,Инцидент
20416,2,Запрос
20417,0,Запрос
20418,2,Запрос
20419,2,Запрос
20420,2,Запрос
20421,0,Запрос
20422,2,Запрос
20423,2,Запрос
20424,2,Запрос
20425,0,Запрос
20426,0,Запрос
20427,2,Запрос
20428,2,Запрос
20429,0,Запрос
20430,2,Запрос
20431,2,Запрос
20432,2,Запрос
20433,2,Запрос
20434,2,Запрос
20435,2,Запрос
20436,0,Запрос
20437,2,Запрос
20438,2,Запрос
20439,2,Запрос
20440,0,Запрос
20441,2,Запрос
20442,2,Запрос
20443,0,Запрос
20444,0,Запрос
20445,2,Запрос
20446,2,Запрос
20447,0,Запрос
20448,2,Запрос
20449,2,Запрос
20450,2,Запрос
20451,2,Запрос
20452,0,Запрос
20453,0,Запрос
20454,2,Запрос
20455,2,Запрос
20456,0,Запрос
20457,2,Запрос
20458,2,Запрос
20459,0,Запрос
20460,2,Запрос
20461,2,Запрос
20462,2,Запрос
20463,2,Запрос
20464,2,Запрос
20465,0,Запрос
20466,0,Запрос
20467,2,Запрос
20468,0,Запрос
20469,0,Запрос
20470,0,Запрос
20471,2,Запрос
20472,0,Запрос
20473,2,Запрос
20474,0,Запрос
20475,2,Запрос
20476,0,Запрос
20477,0,Запрос
20478,0,Запрос
20479,2,Запрос
20480,0,Запрос
20481,2,Запрос
20482,2,Запрос
20483,2,Запрос
20484,0,Запрос
20485,2,Запрос
20486,0,Запрос
20487,2,Запрос
20488,2,Запрос
20489,2,Запрос
20490,0,Запрос
20491,0,Запрос
20492,2,Запрос
20493,2,Запрос
20494,0,Запрос
20495,0,Запрос
20496,0,Запрос
20497,2,Запрос
20498,0,Запрос
20499,0,Запрос
20500,0,Запрос
20501,0,Запрос
20502,0,Запрос
20503,2,Запрос
20504,2,Запрос
20505,0,Запрос
20506,2,Запрос
20507,2,Запрос
20508,0,Запрос
20509,0,Запрос
20510,0,Запрос
20511,2,Запрос
20512,0,Запрос
20513,0,Запрос
20514,0,Запрос
20515,0,Запрос
20516,2,Запрос
20517,0,Запрос
20518,0,Запрос
20519,2,Запрос
20520,2,Запрос
20521,0,Запрос
20522,2,Запрос
20523,2,Запрос
20524,2,Запрос
20525,0,Запрос
20526,2,Запрос
20527,0,Запрос
20528,2,Запрос
20529,0,Запрос
20530,2,Запрос
20531,0,Запрос
20532,2,Запрос
20533,2,Запрос
20534,0,Запрос
20535,0,Запрос
20536,0,Запрос
20537,0,Запрос
20538,2,Запрос
20539,0,Запрос
20540,0,Запрос
20541,0,Запрос
20542,0,Запрос
20543,0,Запрос
20544,0,Запрос
20545,0,Запрос
20546,0,Запрос
20547,2,Запрос
20548,2,Запрос
20549,2,Запрос
20550,0,Запрос
20551,0,Запрос
20552,2,Запрос
20553,0,Запрос
20554,0,Запрос
20555,0,Запрос
20556,0,Запрос
20557,2,Запрос
20558,0,Запрос
20559,0,Запрос
20560,0,Запрос
20561,2,Запрос
20562,0,Запрос
20563,2,Запрос
20564,2,Запрос
20565,2,Запрос
20566,2,Запрос
20567,0,Запрос
20568,2,Запрос
20569,0,Запрос
20570,2,Запрос
20571,0,Запрос
20572,2,Запрос
20573,0,Запрос
20574,0,Запрос
20575,0,Запрос
20576,0,Запрос
20577,0,Запрос
20578,0,Запрос
20579,0,Запрос
20580,0,Запрос
20581,0,Запрос
20582,0,Запрос
20583,0,Запрос
20584,0,Запрос
20585,0,Запрос
20586,0,Запрос
20587,0,Запрос
20588,2,Запрос
20589,0,Запрос
20590,0,Запрос
20591,0,Запрос
20592,0,Запрос
20593,0,Запрос
20594,0,Запрос
20595,0,Запрос
20596,0,Запрос
20597,0,Запрос
20598,0,Запрос
20599,0,Запрос
20600,0,Запрос
20601,0,Запрос
20602,0,Запрос
20603,0,Запрос
20604,0,Запрос
20605,0,Запрос
20606,0,Запрос
20607,0,Запрос
20608,0,Запрос
20609,0,Запрос
20610,0,Запрос
20611,0,Запрос
20612,0,Запрос
20613,0,Запрос
20614,0,Запрос
20615,0,Запрос
20616,0,Запрос
20617,0,Запрос
20618,0,Запрос
20619,0,Запрос
20620,0,Запрос
20621,0,Запрос
20622,0,Запрос
20623,0,Запрос
20624,0,Запрос
20625,0,Запрос
20626,0,Запрос
20627,0,Запрос
20628,0,Запрос
20629,0,Запрос
20630,0,Запрос
20631,0,Запрос
20632,0,Запрос
20633,0,Запрос
20634,0,Запрос
20635,0,Запрос
20636,0,Запрос
20637,0,Запрос
20638,0,Запрос
20639,0,Запрос
20640,0,Запрос
20641,0,Запрос
20642,0,Запрос
20643,0,Запрос
20644,0,Запрос
20645,0,Запрос
20646,0,Запрос
20647,0,Запрос
20648,0,Запрос
20649,0,Запрос
20650,0,Запрос
20651,0,Запрос
20652,0,Запрос
20653,0,Запрос
20654,0,Запрос
20655,0,Запрос
20656,0,Запрос
20657,0,Запрос
20658,0,Запрос
20659,0,Запрос
20660,0,Запрос
20661,0,Запрос
20662,0,Запрос
20663,0,Запрос
20664,0,Запрос
20665,0,Инцидент
20666,0,Запрос
20667,0,Запрос
20668,0,Запрос
20669,0,Запрос
20670,0,Запрос
20671,0,Запрос
20672,0,Запрос
20673,0,Запрос
20674,0,Запрос
20675,0,Запрос
20676,0,Запрос
20677,0,Запрос
20678,0,Запрос
20679,0,Запрос
20680,0,Запрос
20681,0,Запрос
20682,0,Запрос
20683,0,Инцидент
20684,0,Запрос
20685,0,Запрос
20686,0,Запрос
20687,0,Запрос
20688,0,Запрос
20689,0,Запрос
20690,0,Запрос
20691,0,Запрос
20692,0,Запрос
20693,0,Запрос
20694,0,Запрос
20695,0,Запрос
20696,0,Запрос
20697,0,Запрос
20698,0,Запрос
20699,0,Запрос
20700,0,Запрос
20701,0,Запрос
20702,0,Запрос
20703,0,Запрос
20704,0,Запрос
20705,0,Запрос
20706,0,Запрос
20707,0,Запрос
20708,0,Запрос
20709,0,Запрос
20710,0,Запрос
20711,0,Запрос
20712,0,Запрос
20713,0,Запрос
20714,0,Запрос
20715,0,Запрос
20716,0,Запрос
20717,2,Запрос
20718,0,Запрос
20719,0,Запрос
20720,0,Запрос
20721,0,Запрос
20722,0,Запрос
20723,0,Запрос
20724,0,Запрос
20725,0,Запрос
20726,0,Запрос
20727,0,Запрос
20728,0,Запрос
20729,0,Запрос
20730,0,Запрос
20731,0,Запрос
20732,0,Запрос
20733,0,Запрос
20734,0,Запрос
20735,0,Запрос
20736,0,Запрос
20737,0,Запрос
20738,0,Запрос
20739,0,Запрос
20740,0,Запрос
20741,0,Запрос
20742,0,Запрос
20743,0,Запрос
20744,0,Запрос
20745,0,Запрос
20746,0,Запрос
20747,0,Запрос
20748,0,Запрос
20749,0,Запрос
20750,0,Запрос
20751,0,Запрос
20752,0,Запрос
20753,0,Запрос
20754,0,Запрос
20755,0,Запрос
20756,0,Запрос
20757,0,Запрос
20758,0,Запрос
20759,0,Запрос
20760,0,Запрос
20761,0,Запрос
20762,0,Запрос
20763,0,Запрос
20764,2,Запрос
20765,0,Запрос
20766,0,Запрос
20767,0,Запрос
20768,0,Запрос
20769,0,Запрос
20770,0,Запрос
20771,0,Запрос
20772,0,Запрос
20773,0,Запрос
20774,0,Запрос
20775,0,Запрос
20776,0,Запрос
20777,0,Запрос
20778,0,Запрос
20779,0,Запрос
20780,0,Запрос
20781,0,Запрос
20782,0,Запрос
20783,0,Запрос
20784,0,Запрос
20785,0,Запрос
20786,0,Запрос
20787,0,Запрос
20788,0,Запрос
20789,0,Запрос
20790,0,Запрос
20791,0,Запрос
20792,0,Запрос
20793,0,Запрос
20794,0,Запрос
20795,0,Запрос
20796,0,Запрос
20797,0,Запрос
20798,0,Запрос
20799,0,Запрос
20800,0,Запрос
20801,0,Запрос
20802,0,Запрос
20803,0,Запрос
20804,0,Запрос
20805,0,Запрос
20806,2,Запрос
20807,0,Запрос
20808,0,Запрос
20809,0,Запрос
20810,0,Запрос
20811,2,Запрос
20812,0,Запрос
20813,0,Запрос
20814,0,Запрос
20815,0,Запрос
20816,0,Запрос
20817,0,Запрос
20818,0,Запрос
20819,0,Запрос
20820,0,Запрос
20821,0,Запрос
20822,0,Запрос
20823,0,Запрос
20824,0,Запрос
20825,0,Запрос
20826,0,Запрос
20827,0,Запрос
20828,0,Запрос
20829,0,Запрос
20830,0,Запрос
20831,0,Запрос
20832,0,Запрос
20833,0,Запрос
20834,0,Запрос
20835,0,Запрос
20836,0,Запрос
20837,0,Запрос
20838,0,Запрос
20839,0,Запрос
20840,0,Запрос
20841,0,Запрос
20842,0,Запрос
20843,0,Запрос
20844,0,Запрос
20845,0,Запрос
20846,0,Запрос
20847,0,Запрос
20848,0,Запрос
20849,0,Запрос
20850,0,Запрос
20851,0,Запрос
20852,0,Запрос
20853,0,Запрос
20854,0,Запрос
20855,0,Запрос
20856,0,Запрос
20857,0,Запрос
20858,0,Запрос
20859,0,Запрос
20860,0,Запрос
20861,0,Запрос
20862,0,Запрос
20863,0,Запрос
20864,0,Запрос
20865,0,Запрос
20866,0,Запрос
20867,0,Запрос
20868,0,Запрос
20869,0,Запрос
20870,0,Запрос
20871,0,Запрос
20872,0,Запрос
20873,0,Запрос
20874,0,Запрос
20875,0,Запрос
20876,0,Запрос
20877,0,Запрос
20878,0,Запрос
20879,0,Запрос
20880,0,Запрос
20881,0,Запрос
20882,0,Запрос
20883,0,Запрос
20884,0,Запрос
20885,0,Запрос
20886,0,Запрос
20887,0,Запрос
20888,0,Запрос
20889,0,Запрос
20890,0,Запрос
20891,0,Запрос
20892,0,Запрос
20893,0,Запрос
20894,0,Запрос
20895,0,Запрос
20896,0,Запрос
20897,0,Запрос
20898,0,Запрос
20899,0,Запрос
20900,0,Запрос
20901,0,Запрос
20902,0,Запрос
20903,0,Запрос
20904,0,Запрос
20905,0,Запрос
20906,0,Запрос
20907,0,Запрос
20908,0,Запрос
20909,0,Запрос
20910,0,Запрос
20911,0,Запрос
20912,0,Запрос
20913,0,Запрос
20914,0,Запрос
20915,0,Запрос
20916,0,Запрос
20917,0,Запрос
20918,0,Запрос
20919,0,Запрос
20920,0,Запрос
20921,0,Запрос
20922,0,Запрос
20923,0,Запрос
20924,0,Запрос
20925,0,Запрос
20926,0,Запрос
20927,0,Инцидент
20928,0,Запрос
20929,0,Запрос
20930,0,Запрос
20931,0,Запрос
20932,0,Запрос
20933,0,Запрос
20934,0,Запрос
20935,0,Запрос
20936,0,Запрос
20937,0,Запрос
20938,0,Запрос
20939,0,Запрос
20940,0,Запрос
20941,0,Запрос
20942,0,Запрос
20943,0,Запрос
20944,0,Запрос
20945,0,Запрос
20946,0,Запрос
20947,0,Запрос
20948,0,Запрос
20949,0,Запрос
20950,0,Запрос
20951,0,Запрос
20952,0,Запрос
20953,0,Запрос
20954,0,Запрос
20955,0,Запрос
20956,0,Запрос
20957,0,Запрос
20958,0,Запрос
20959,0,Инцидент
20960,0,Запрос
20961,0,Запрос
20962,0,Запрос
20963,0,Запрос
20964,0,Запрос
20965,0,Запрос
20966,0,Запрос
20967,0,Запрос
20968,0,Запрос
20969,0,Запрос
20970,0,Запрос
20971,0,Запрос
20972,0,Запрос
20973,0,Запрос
20974,0,Запрос
20975,0,Запрос
20976,0,Запрос
20977,0,Запрос
20978,0,Запрос
20979,0,Запрос
20980,0,Запрос
20981,0,Запрос
20982,0,Запрос
20983,0,Запрос
20984,0,Запрос
20985,0,Запрос
20986,0,Запрос
20987,0,Запрос
20988,0,Запрос
20989,0,Запрос
20990,0,Запрос
20991,0,Запрос
20992,0,Запрос
20993,0,Запрос
20994,0,Запрос
20995,0,Запрос
20996,0,Запрос
20997,0,Запрос
20998,0,Запрос
20999,0,Запрос
21000,0,Запрос
21001,0,Запрос
21002,0,Запрос
21003,0,Запрос
21004,0,Запрос
21005,0,Запрос
21006,0,Запрос
21007,0,Запрос
21008,0,Запрос
21009,0,Запрос
21010,0,Запрос
21011,0,Запрос
21012,0,Запрос
21013,0,Запрос
21014,0,Запрос
21015,0,Запрос
21016,0,Запрос
21017,0,Запрос
21018,0,Запрос
21019,0,Запрос
21020,0,Запрос
21021,0,Запрос
21022,0,Запрос
21023,0,Запрос
21024,0,Запрос
21025,0,Запрос
21026,0,Запрос
21027,0,Запрос
21028,0,Запрос
21029,0,Запрос
21030,0,Запрос
21031,0,Запрос
21032,0,Запрос
21033,0,Запрос
21034,0,Запрос
21035,0,Запрос
21036,0,Запрос
21037,0,Запрос
21038,0,Запрос
21039,0,Запрос
21040,0,Запрос
21041,0,Запрос
21042,0,Запрос
21043,0,Запрос
21044,0,Запрос
21045,0,Запрос
21046,0,Запрос
21047,0,Запрос
21048,0,Запрос
21049,0,Запрос
21050,0,Запрос
21051,0,Запрос
21052,0,Запрос
21053,0,Запрос
21054,0,Запрос
21055,0,Запрос
21056,0,Запрос
21057,0,Запрос
21058,0,Запрос
21059,0,Запрос
21060,0,Запрос
21061,0,Запрос
21062,0,Запрос
21063,0,Запрос
21064,0,Запрос
21065,0,Запрос
21066,0,Запрос
21067,0,Запрос
21068,0,Запрос
21069,0,Запрос
21070,0,Запрос
21071,0,Запрос
21072,0,Запрос
21073,0,Запрос
21074,0,Запрос
21075,0,Запрос
21076,0,Запрос
21077,0,Запрос
21078,0,Запрос
21079,0,Запрос
21080,0,Запрос
21081,0,Запрос
21082,0,Запрос
21083,0,Запрос
21084,0,Запрос
21085,0,Запрос
21086,0,Запрос
21087,0,Запрос
21088,0,Запрос
21089,0,Запрос
21090,0,Запрос
21091,0,Запрос
21092,0,Запрос
21093,0,Запрос
21094,0,Запрос
21095,0,Запрос
21096,0,Запрос
21097,0,Запрос
21098,0,Запрос
21099,0,Запрос
21100,0,Запрос
21101,0,Запрос
21102,0,Запрос
21103,0,Запрос
21104,0,Запрос
21105,0,Запрос
21106,0,Запрос
21107,0,Запрос
21108,0,Запрос
21109,0,Запрос
21110,0,Запрос
21111,0,Запрос
21112,0,Запрос
21113,0,Запрос
21114,0,Запрос
21115,0,Запрос
21116,0,Запрос
21117,0,Запрос
21118,0,Запрос
21119,0,Запрос
21120,0,Запрос
21121,0,Запрос
21122,0,Запрос
21123,0,Запрос
21124,0,Запрос
21125,0,Запрос
21126,0,Запрос
21127,0,Запрос
21128,0,Запрос
21129,0,Запрос
21130,0,Запрос
21131,0,Запрос
21132,0,Инцидент
21133,0,Запрос
21134,0,Инцидент
21135,0,Запрос
21136,0,Запрос
21137,0,Запрос
21138,0,Запрос
21139,0,Инцидент
21140,0,Инцидент
21141,0,Инцидент
21142,0,Инцидент
21143,0,Инцидент
21144,0,Инцидент
21145,0,Инцидент
21146,0,Запрос
